date,year,year_month,era,category,category_disruption_score,import_dependency_pct
2015-01-01,2015,2015-01,Pre-COVID,Food & Drink,46.4,82.0
2015-01-01,2015,2015-01,Pre-COVID,Clothing,48.2,91.0
2015-01-01,2015,2015-01,Pre-COVID,Machinery & Industrial,45.6,78.0
2015-01-01,2015,2015-01,Pre-COVID,Chemicals & Pharma,43.0,65.0
2015-01-01,2015,2015-01,Pre-COVID,Energy & Fuels,44.2,71.0
2015-01-01,2015,2015-01,Pre-COVID,Food & Drink,46.4,82.0
2015-01-01,2015,2015-01,Pre-COVID,Clothing,48.2,91.0
2015-01-01,2015,2015-01,Pre-COVID,Machinery & Industrial,45.6,78.0
2015-01-01,2015,2015-01,Pre-COVID,Chemicals & Pharma,43.0,65.0
2015-01-01,2015,2015-01,Pre-COVID,Energy & Fuels,44.2,71.0
2015-02-01,2015,2015-02,Pre-COVID,Food & Drink,46.4,82.0
2015-02-01,2015,2015-02,Pre-COVID,Clothing,48.2,91.0
2015-02-01,2015,2015-02,Pre-COVID,Machinery & Industrial,45.6,78.0
2015-02-01,2015,2015-02,Pre-COVID,Chemicals & Pharma,43.0,65.0
2015-02-01,2015,2015-02,Pre-COVID,Energy & Fuels,44.2,71.0
2015-02-01,2015,2015-02,Pre-COVID,Food & Drink,46.4,82.0
2015-02-01,2015,2015-02,Pre-COVID,Clothing,48.2,91.0
2015-02-01,2015,2015-02,Pre-COVID,Machinery & Industrial,45.6,78.0
2015-02-01,2015,2015-02,Pre-COVID,Chemicals & Pharma,43.0,65.0
2015-02-01,2015,2015-02,Pre-COVID,Energy & Fuels,44.2,71.0
2015-03-01,2015,2015-03,Pre-COVID,Food & Drink,46.4,82.0
2015-03-01,2015,2015-03,Pre-COVID,Clothing,48.2,91.0
2015-03-01,2015,2015-03,Pre-COVID,Machinery & Industrial,45.6,78.0
2015-03-01,2015,2015-03,Pre-COVID,Chemicals & Pharma,43.0,65.0
2015-03-01,2015,2015-03,Pre-COVID,Energy & Fuels,44.2,71.0
2015-03-01,2015,2015-03,Pre-COVID,Food & Drink,42.3,82.0
2015-03-01,2015,2015-03,Pre-COVID,Clothing,43.65,91.0
2015-03-01,2015,2015-03,Pre-COVID,Machinery & Industrial,45.6,78.0
2015-03-01,2015,2015-03,Pre-COVID,Chemicals & Pharma,43.0,65.0
2015-03-01,2015,2015-03,Pre-COVID,Energy & Fuels,44.2,71.0
2015-04-01,2015,2015-04,Pre-COVID,Food & Drink,5.4,82.0
2015-04-01,2015,2015-04,Pre-COVID,Clothing,2.7,91.0
2015-04-01,2015,2015-04,Pre-COVID,Machinery & Industrial,45.6,78.0
2015-04-01,2015,2015-04,Pre-COVID,Chemicals & Pharma,43.0,65.0
2015-04-01,2015,2015-04,Pre-COVID,Energy & Fuels,44.2,71.0
2015-04-01,2015,2015-04,Pre-COVID,Food & Drink,42.3,82.0
2015-04-01,2015,2015-04,Pre-COVID,Clothing,43.65,91.0
2015-04-01,2015,2015-04,Pre-COVID,Machinery & Industrial,45.6,78.0
2015-04-01,2015,2015-04,Pre-COVID,Chemicals & Pharma,43.0,65.0
2015-04-01,2015,2015-04,Pre-COVID,Energy & Fuels,44.2,71.0
2015-05-01,2015,2015-05,Pre-COVID,Food & Drink,5.4,82.0
2015-05-01,2015,2015-05,Pre-COVID,Clothing,2.7,91.0
2015-05-01,2015,2015-05,Pre-COVID,Machinery & Industrial,45.6,78.0
2015-05-01,2015,2015-05,Pre-COVID,Chemicals & Pharma,43.0,65.0
2015-05-01,2015,2015-05,Pre-COVID,Energy & Fuels,44.2,71.0
2015-05-01,2015,2015-05,Pre-COVID,Food & Drink,42.3,82.0
2015-05-01,2015,2015-05,Pre-COVID,Clothing,43.65,91.0
2015-05-01,2015,2015-05,Pre-COVID,Machinery & Industrial,45.6,78.0
2015-05-01,2015,2015-05,Pre-COVID,Chemicals & Pharma,43.0,65.0
2015-05-01,2015,2015-05,Pre-COVID,Energy & Fuels,44.2,71.0
2015-06-01,2015,2015-06,Pre-COVID,Food & Drink,42.3,82.0
2015-06-01,2015,2015-06,Pre-COVID,Clothing,43.65,91.0
2015-06-01,2015,2015-06,Pre-COVID,Machinery & Industrial,45.6,78.0
2015-06-01,2015,2015-06,Pre-COVID,Chemicals & Pharma,43.0,65.0
2015-06-01,2015,2015-06,Pre-COVID,Energy & Fuels,44.2,71.0
2015-06-01,2015,2015-06,Pre-COVID,Food & Drink,5.4,82.0
2015-06-01,2015,2015-06,Pre-COVID,Clothing,2.7,91.0
2015-06-01,2015,2015-06,Pre-COVID,Machinery & Industrial,45.6,78.0
2015-06-01,2015,2015-06,Pre-COVID,Chemicals & Pharma,43.0,65.0
2015-06-01,2015,2015-06,Pre-COVID,Energy & Fuels,44.2,71.0
2015-07-01,2015,2015-07,Pre-COVID,Food & Drink,17.69,82.0
2015-07-01,2015,2015-07,Pre-COVID,Clothing,16.99,91.0
2015-07-01,2015,2015-07,Pre-COVID,Machinery & Industrial,45.6,78.0
2015-07-01,2015,2015-07,Pre-COVID,Chemicals & Pharma,43.0,65.0
2015-07-01,2015,2015-07,Pre-COVID,Energy & Fuels,25.38,71.0
2015-07-01,2015,2015-07,Pre-COVID,Food & Drink,54.59,82.0
2015-07-01,2015,2015-07,Pre-COVID,Clothing,57.94,91.0
2015-07-01,2015,2015-07,Pre-COVID,Machinery & Industrial,45.6,78.0
2015-07-01,2015,2015-07,Pre-COVID,Chemicals & Pharma,43.0,65.0
2015-07-01,2015,2015-07,Pre-COVID,Energy & Fuels,25.38,71.0
2015-08-01,2015,2015-08,Pre-COVID,Food & Drink,54.9,82.0
2015-08-01,2015,2015-08,Pre-COVID,Clothing,58.15,91.0
2015-08-01,2015,2015-08,Pre-COVID,Machinery & Industrial,45.6,78.0
2015-08-01,2015,2015-08,Pre-COVID,Chemicals & Pharma,43.0,65.0
2015-08-01,2015,2015-08,Pre-COVID,Energy & Fuels,25.12,71.0
2015-08-01,2015,2015-08,Pre-COVID,Food & Drink,18.0,82.0
2015-08-01,2015,2015-08,Pre-COVID,Clothing,17.2,91.0
2015-08-01,2015,2015-08,Pre-COVID,Machinery & Industrial,45.6,78.0
2015-08-01,2015,2015-08,Pre-COVID,Chemicals & Pharma,43.0,65.0
2015-08-01,2015,2015-08,Pre-COVID,Energy & Fuels,25.12,71.0
2015-09-01,2015,2015-09,Pre-COVID,Food & Drink,55.13,82.0
2015-09-01,2015,2015-09,Pre-COVID,Clothing,61.75,91.0
2015-09-01,2015,2015-09,Pre-COVID,Machinery & Industrial,45.6,78.0
2015-09-01,2015,2015-09,Pre-COVID,Chemicals & Pharma,43.0,65.0
2015-09-01,2015,2015-09,Pre-COVID,Energy & Fuels,21.8,71.0
2015-09-01,2015,2015-09,Pre-COVID,Food & Drink,18.23,82.0
2015-09-01,2015,2015-09,Pre-COVID,Clothing,20.8,91.0
2015-09-01,2015,2015-09,Pre-COVID,Machinery & Industrial,45.6,78.0
2015-09-01,2015,2015-09,Pre-COVID,Chemicals & Pharma,43.0,65.0
2015-09-01,2015,2015-09,Pre-COVID,Energy & Fuels,21.8,71.0
2015-10-01,2015,2015-10,Pre-COVID,Food & Drink,55.06,82.0
2015-10-01,2015,2015-10,Pre-COVID,Clothing,63.37,91.0
2015-10-01,2015,2015-10,Pre-COVID,Machinery & Industrial,45.6,78.0
2015-10-01,2015,2015-10,Pre-COVID,Chemicals & Pharma,43.0,65.0
2015-10-01,2015,2015-10,Pre-COVID,Energy & Fuels,19.73,71.0
2015-10-01,2015,2015-10,Pre-COVID,Food & Drink,18.16,82.0
2015-10-01,2015,2015-10,Pre-COVID,Clothing,22.42,91.0
2015-10-01,2015,2015-10,Pre-COVID,Machinery & Industrial,45.6,78.0
2015-10-01,2015,2015-10,Pre-COVID,Chemicals & Pharma,43.0,65.0
2015-10-01,2015,2015-10,Pre-COVID,Energy & Fuels,19.73,71.0
2015-11-01,2015,2015-11,Pre-COVID,Food & Drink,55.25,82.0
2015-11-01,2015,2015-11,Pre-COVID,Clothing,62.51,91.0
2015-11-01,2015,2015-11,Pre-COVID,Machinery & Industrial,45.6,78.0
2015-11-01,2015,2015-11,Pre-COVID,Chemicals & Pharma,43.0,65.0
2015-11-01,2015,2015-11,Pre-COVID,Energy & Fuels,18.5,71.0
2015-11-01,2015,2015-11,Pre-COVID,Food & Drink,18.35,82.0
2015-11-01,2015,2015-11,Pre-COVID,Clothing,21.56,91.0
2015-11-01,2015,2015-11,Pre-COVID,Machinery & Industrial,45.6,78.0
2015-11-01,2015,2015-11,Pre-COVID,Chemicals & Pharma,43.0,65.0
2015-11-01,2015,2015-11,Pre-COVID,Energy & Fuels,18.5,71.0
2015-12-01,2015,2015-12,Pre-COVID,Food & Drink,55.32,82.0
2015-12-01,2015,2015-12,Pre-COVID,Clothing,61.34,91.0
2015-12-01,2015,2015-12,Pre-COVID,Machinery & Industrial,45.6,78.0
2015-12-01,2015,2015-12,Pre-COVID,Chemicals & Pharma,43.0,65.0
2015-12-01,2015,2015-12,Pre-COVID,Energy & Fuels,19.99,71.0
2015-12-01,2015,2015-12,Pre-COVID,Food & Drink,18.42,82.0
2015-12-01,2015,2015-12,Pre-COVID,Clothing,20.39,91.0
2015-12-01,2015,2015-12,Pre-COVID,Machinery & Industrial,45.6,78.0
2015-12-01,2015,2015-12,Pre-COVID,Chemicals & Pharma,43.0,65.0
2015-12-01,2015,2015-12,Pre-COVID,Energy & Fuels,19.99,71.0
2016-01-01,2016,2016-01,Pre-COVID,Food & Drink,18.78,82.0
2016-01-01,2016,2016-01,Pre-COVID,Clothing,20.76,91.0
2016-01-01,2016,2016-01,Pre-COVID,Machinery & Industrial,45.6,78.0
2016-01-01,2016,2016-01,Pre-COVID,Chemicals & Pharma,43.0,65.0
2016-01-01,2016,2016-01,Pre-COVID,Energy & Fuels,16.38,71.0
2016-01-01,2016,2016-01,Pre-COVID,Food & Drink,55.68,82.0
2016-01-01,2016,2016-01,Pre-COVID,Clothing,61.71,91.0
2016-01-01,2016,2016-01,Pre-COVID,Machinery & Industrial,45.6,78.0
2016-01-01,2016,2016-01,Pre-COVID,Chemicals & Pharma,43.0,65.0
2016-01-01,2016,2016-01,Pre-COVID,Energy & Fuels,16.38,71.0
2016-02-01,2016,2016-02,Pre-COVID,Food & Drink,26.31,82.0
2016-02-01,2016,2016-02,Pre-COVID,Clothing,29.6,91.0
2016-02-01,2016,2016-02,Pre-COVID,Machinery & Industrial,11.06,78.0
2016-02-01,2016,2016-02,Pre-COVID,Chemicals & Pharma,43.0,65.0
2016-02-01,2016,2016-02,Pre-COVID,Energy & Fuels,16.28,71.0
2016-02-01,2016,2016-02,Pre-COVID,Food & Drink,63.21,82.0
2016-02-01,2016,2016-02,Pre-COVID,Clothing,70.55,91.0
2016-02-01,2016,2016-02,Pre-COVID,Machinery & Industrial,11.06,78.0
2016-02-01,2016,2016-02,Pre-COVID,Chemicals & Pharma,43.0,65.0
2016-02-01,2016,2016-02,Pre-COVID,Energy & Fuels,16.28,71.0
2016-03-01,2016,2016-03,Pre-COVID,Food & Drink,61.63,82.0
2016-03-01,2016,2016-03,Pre-COVID,Clothing,67.61,91.0
2016-03-01,2016,2016-03,Pre-COVID,Machinery & Industrial,11.81,78.0
2016-03-01,2016,2016-03,Pre-COVID,Chemicals & Pharma,43.0,65.0
2016-03-01,2016,2016-03,Pre-COVID,Energy & Fuels,20.3,71.0
2016-03-01,2016,2016-03,Pre-COVID,Food & Drink,24.73,82.0
2016-03-01,2016,2016-03,Pre-COVID,Clothing,26.66,91.0
2016-03-01,2016,2016-03,Pre-COVID,Machinery & Industrial,11.81,78.0
2016-03-01,2016,2016-03,Pre-COVID,Chemicals & Pharma,43.0,65.0
2016-03-01,2016,2016-03,Pre-COVID,Energy & Fuels,20.3,71.0
2016-04-01,2016,2016-04,Pre-COVID,Food & Drink,63.7,82.0
2016-04-01,2016,2016-04,Pre-COVID,Clothing,65.53,91.0
2016-04-01,2016,2016-04,Pre-COVID,Machinery & Industrial,15.47,78.0
2016-04-01,2016,2016-04,Pre-COVID,Chemicals & Pharma,43.0,65.0
2016-04-01,2016,2016-04,Pre-COVID,Energy & Fuels,21.2,71.0
2016-04-01,2016,2016-04,Pre-COVID,Food & Drink,26.8,82.0
2016-04-01,2016,2016-04,Pre-COVID,Clothing,24.58,91.0
2016-04-01,2016,2016-04,Pre-COVID,Machinery & Industrial,15.47,78.0
2016-04-01,2016,2016-04,Pre-COVID,Chemicals & Pharma,43.0,65.0
2016-04-01,2016,2016-04,Pre-COVID,Energy & Fuels,21.2,71.0
2016-05-01,2016,2016-05,Pre-COVID,Food & Drink,25.78,82.0
2016-05-01,2016,2016-05,Pre-COVID,Clothing,24.4,91.0
2016-05-01,2016,2016-05,Pre-COVID,Machinery & Industrial,13.5,78.0
2016-05-01,2016,2016-05,Pre-COVID,Chemicals & Pharma,43.0,65.0
2016-05-01,2016,2016-05,Pre-COVID,Energy & Fuels,22.76,71.0
2016-05-01,2016,2016-05,Pre-COVID,Food & Drink,62.68,82.0
2016-05-01,2016,2016-05,Pre-COVID,Clothing,65.35,91.0
2016-05-01,2016,2016-05,Pre-COVID,Machinery & Industrial,13.5,78.0
2016-05-01,2016,2016-05,Pre-COVID,Chemicals & Pharma,43.0,65.0
2016-05-01,2016,2016-05,Pre-COVID,Energy & Fuels,22.76,71.0
2016-06-01,2016,2016-06,Pre-COVID,Food & Drink,60.26,82.0
2016-06-01,2016,2016-06,Pre-COVID,Clothing,63.25,91.0
2016-06-01,2016,2016-06,Pre-COVID,Machinery & Industrial,10.84,78.0
2016-06-01,2016,2016-06,Pre-COVID,Chemicals & Pharma,43.0,65.0
2016-06-01,2016,2016-06,Pre-COVID,Energy & Fuels,22.07,71.0
2016-06-01,2016,2016-06,Pre-COVID,Food & Drink,23.36,82.0
2016-06-01,2016,2016-06,Pre-COVID,Clothing,22.3,91.0
2016-06-01,2016,2016-06,Pre-COVID,Machinery & Industrial,10.84,78.0
2016-06-01,2016,2016-06,Pre-COVID,Chemicals & Pharma,43.0,65.0
2016-06-01,2016,2016-06,Pre-COVID,Energy & Fuels,22.07,71.0
2016-07-01,2016,2016-07,Pre-COVID,Food & Drink,62.76,82.0
2016-07-01,2016,2016-07,Pre-COVID,Clothing,65.73,91.0
2016-07-01,2016,2016-07,Pre-COVID,Machinery & Industrial,14.33,78.0
2016-07-01,2016,2016-07,Pre-COVID,Chemicals & Pharma,43.0,65.0
2016-07-01,2016,2016-07,Pre-COVID,Energy & Fuels,26.35,71.0
2016-07-01,2016,2016-07,Pre-COVID,Food & Drink,25.86,82.0
2016-07-01,2016,2016-07,Pre-COVID,Clothing,24.78,91.0
2016-07-01,2016,2016-07,Pre-COVID,Machinery & Industrial,14.33,78.0
2016-07-01,2016,2016-07,Pre-COVID,Chemicals & Pharma,43.0,65.0
2016-07-01,2016,2016-07,Pre-COVID,Energy & Fuels,26.35,71.0
2016-08-01,2016,2016-08,Pre-COVID,Food & Drink,62.08,82.0
2016-08-01,2016,2016-08,Pre-COVID,Clothing,65.0,91.0
2016-08-01,2016,2016-08,Pre-COVID,Machinery & Industrial,15.75,78.0
2016-08-01,2016,2016-08,Pre-COVID,Chemicals & Pharma,43.0,65.0
2016-08-01,2016,2016-08,Pre-COVID,Energy & Fuels,27.27,71.0
2016-08-01,2016,2016-08,Pre-COVID,Food & Drink,25.18,82.0
2016-08-01,2016,2016-08,Pre-COVID,Clothing,24.05,91.0
2016-08-01,2016,2016-08,Pre-COVID,Machinery & Industrial,15.75,78.0
2016-08-01,2016,2016-08,Pre-COVID,Chemicals & Pharma,43.0,65.0
2016-08-01,2016,2016-08,Pre-COVID,Energy & Fuels,27.27,71.0
2016-09-01,2016,2016-09,Pre-COVID,Food & Drink,60.02,82.0
2016-09-01,2016,2016-09,Pre-COVID,Clothing,64.26,91.0
2016-09-01,2016,2016-09,Pre-COVID,Machinery & Industrial,6.6,78.0
2016-09-01,2016,2016-09,Pre-COVID,Chemicals & Pharma,43.0,65.0
2016-09-01,2016,2016-09,Pre-COVID,Energy & Fuels,23.16,71.0
2016-09-01,2016,2016-09,Pre-COVID,Food & Drink,23.12,82.0
2016-09-01,2016,2016-09,Pre-COVID,Clothing,23.31,91.0
2016-09-01,2016,2016-09,Pre-COVID,Machinery & Industrial,6.6,78.0
2016-09-01,2016,2016-09,Pre-COVID,Chemicals & Pharma,43.0,65.0
2016-09-01,2016,2016-09,Pre-COVID,Energy & Fuels,23.16,71.0
2016-10-01,2016,2016-10,Pre-COVID,Food & Drink,61.17,82.0
2016-10-01,2016,2016-10,Pre-COVID,Clothing,68.9,91.0
2016-10-01,2016,2016-10,Pre-COVID,Machinery & Industrial,13.64,78.0
2016-10-01,2016,2016-10,Pre-COVID,Chemicals & Pharma,43.0,65.0
2016-10-01,2016,2016-10,Pre-COVID,Energy & Fuels,23.29,71.0
2016-10-01,2016,2016-10,Pre-COVID,Food & Drink,24.27,82.0
2016-10-01,2016,2016-10,Pre-COVID,Clothing,27.95,91.0
2016-10-01,2016,2016-10,Pre-COVID,Machinery & Industrial,13.64,78.0
2016-10-01,2016,2016-10,Pre-COVID,Chemicals & Pharma,43.0,65.0
2016-10-01,2016,2016-10,Pre-COVID,Energy & Fuels,23.29,71.0
2016-11-01,2016,2016-11,Pre-COVID,Food & Drink,26.03,82.0
2016-11-01,2016,2016-11,Pre-COVID,Clothing,23.29,91.0
2016-11-01,2016,2016-11,Pre-COVID,Machinery & Industrial,45.6,78.0
2016-11-01,2016,2016-11,Pre-COVID,Chemicals & Pharma,43.0,65.0
2016-11-01,2016,2016-11,Pre-COVID,Energy & Fuels,21.99,71.0
2016-11-01,2016,2016-11,Pre-COVID,Food & Drink,62.93,82.0
2016-11-01,2016,2016-11,Pre-COVID,Clothing,64.24,91.0
2016-11-01,2016,2016-11,Pre-COVID,Machinery & Industrial,45.6,78.0
2016-11-01,2016,2016-11,Pre-COVID,Chemicals & Pharma,43.0,65.0
2016-11-01,2016,2016-11,Pre-COVID,Energy & Fuels,21.99,71.0
2016-12-01,2016,2016-12,Pre-COVID,Food & Drink,20.58,82.0
2016-12-01,2016,2016-12,Pre-COVID,Clothing,22.83,91.0
2016-12-01,2016,2016-12,Pre-COVID,Machinery & Industrial,45.6,78.0
2016-12-01,2016,2016-12,Pre-COVID,Chemicals & Pharma,43.0,65.0
2016-12-01,2016,2016-12,Pre-COVID,Energy & Fuels,23.84,71.0
2016-12-01,2016,2016-12,Pre-COVID,Food & Drink,57.48,82.0
2016-12-01,2016,2016-12,Pre-COVID,Clothing,63.78,91.0
2016-12-01,2016,2016-12,Pre-COVID,Machinery & Industrial,45.6,78.0
2016-12-01,2016,2016-12,Pre-COVID,Chemicals & Pharma,43.0,65.0
2016-12-01,2016,2016-12,Pre-COVID,Energy & Fuels,23.84,71.0
2017-01-01,2017,2017-01,Pre-COVID,Food & Drink,27.65,82.0
2017-01-01,2017,2017-01,Pre-COVID,Clothing,21.67,91.0
2017-01-01,2017,2017-01,Pre-COVID,Machinery & Industrial,45.6,78.0
2017-01-01,2017,2017-01,Pre-COVID,Chemicals & Pharma,43.0,65.0
2017-01-01,2017,2017-01,Pre-COVID,Energy & Fuels,21.56,71.0
2017-01-01,2017,2017-01,Pre-COVID,Food & Drink,64.55,82.0
2017-01-01,2017,2017-01,Pre-COVID,Clothing,62.62,91.0
2017-01-01,2017,2017-01,Pre-COVID,Machinery & Industrial,45.6,78.0
2017-01-01,2017,2017-01,Pre-COVID,Chemicals & Pharma,43.0,65.0
2017-01-01,2017,2017-01,Pre-COVID,Energy & Fuels,21.56,71.0
2017-02-01,2017,2017-02,Pre-COVID,Food & Drink,26.57,82.0
2017-02-01,2017,2017-02,Pre-COVID,Clothing,26.51,91.0
2017-02-01,2017,2017-02,Pre-COVID,Machinery & Industrial,9.83,78.0
2017-02-01,2017,2017-02,Pre-COVID,Chemicals & Pharma,43.0,65.0
2017-02-01,2017,2017-02,Pre-COVID,Energy & Fuels,21.83,71.0
2017-02-01,2017,2017-02,Pre-COVID,Food & Drink,63.47,82.0
2017-02-01,2017,2017-02,Pre-COVID,Clothing,67.46,91.0
2017-02-01,2017,2017-02,Pre-COVID,Machinery & Industrial,9.83,78.0
2017-02-01,2017,2017-02,Pre-COVID,Chemicals & Pharma,43.0,65.0
2017-02-01,2017,2017-02,Pre-COVID,Energy & Fuels,21.83,71.0
2017-03-01,2017,2017-03,Pre-COVID,Food & Drink,26.33,82.0
2017-03-01,2017,2017-03,Pre-COVID,Clothing,22.64,91.0
2017-03-01,2017,2017-03,Pre-COVID,Machinery & Industrial,10.76,78.0
2017-03-01,2017,2017-03,Pre-COVID,Chemicals & Pharma,43.0,65.0
2017-03-01,2017,2017-03,Pre-COVID,Energy & Fuels,23.67,71.0
2017-03-01,2017,2017-03,Pre-COVID,Food & Drink,63.23,82.0
2017-03-01,2017,2017-03,Pre-COVID,Clothing,63.59,91.0
2017-03-01,2017,2017-03,Pre-COVID,Machinery & Industrial,10.76,78.0
2017-03-01,2017,2017-03,Pre-COVID,Chemicals & Pharma,43.0,65.0
2017-03-01,2017,2017-03,Pre-COVID,Energy & Fuels,23.67,71.0
2017-04-01,2017,2017-04,Pre-COVID,Food & Drink,29.85,82.0
2017-04-01,2017,2017-04,Pre-COVID,Clothing,28.05,91.0
2017-04-01,2017,2017-04,Pre-COVID,Machinery & Industrial,16.76,78.0
2017-04-01,2017,2017-04,Pre-COVID,Chemicals & Pharma,43.0,65.0
2017-04-01,2017,2017-04,Pre-COVID,Energy & Fuels,25.28,71.0
2017-04-01,2017,2017-04,Pre-COVID,Food & Drink,66.75,82.0
2017-04-01,2017,2017-04,Pre-COVID,Clothing,69.0,91.0
2017-04-01,2017,2017-04,Pre-COVID,Machinery & Industrial,16.76,78.0
2017-04-01,2017,2017-04,Pre-COVID,Chemicals & Pharma,43.0,65.0
2017-04-01,2017,2017-04,Pre-COVID,Energy & Fuels,25.28,71.0
2017-05-01,2017,2017-05,Pre-COVID,Food & Drink,65.56,82.0
2017-05-01,2017,2017-05,Pre-COVID,Clothing,65.38,91.0
2017-05-01,2017,2017-05,Pre-COVID,Machinery & Industrial,13.88,78.0
2017-05-01,2017,2017-05,Pre-COVID,Chemicals & Pharma,43.0,65.0
2017-05-01,2017,2017-05,Pre-COVID,Energy & Fuels,24.91,71.0
2017-05-01,2017,2017-05,Pre-COVID,Food & Drink,28.66,82.0
2017-05-01,2017,2017-05,Pre-COVID,Clothing,24.43,91.0
2017-05-01,2017,2017-05,Pre-COVID,Machinery & Industrial,13.88,78.0
2017-05-01,2017,2017-05,Pre-COVID,Chemicals & Pharma,43.0,65.0
2017-05-01,2017,2017-05,Pre-COVID,Energy & Fuels,24.91,71.0
2017-06-01,2017,2017-06,Pre-COVID,Food & Drink,26.53,82.0
2017-06-01,2017,2017-06,Pre-COVID,Clothing,21.48,91.0
2017-06-01,2017,2017-06,Pre-COVID,Machinery & Industrial,11.69,78.0
2017-06-01,2017,2017-06,Pre-COVID,Chemicals & Pharma,43.0,65.0
2017-06-01,2017,2017-06,Pre-COVID,Energy & Fuels,22.04,71.0
2017-06-01,2017,2017-06,Pre-COVID,Food & Drink,63.43,82.0
2017-06-01,2017,2017-06,Pre-COVID,Clothing,62.43,91.0
2017-06-01,2017,2017-06,Pre-COVID,Machinery & Industrial,11.69,78.0
2017-06-01,2017,2017-06,Pre-COVID,Chemicals & Pharma,43.0,65.0
2017-06-01,2017,2017-06,Pre-COVID,Energy & Fuels,22.04,71.0
2017-07-01,2017,2017-07,Pre-COVID,Food & Drink,65.64,82.0
2017-07-01,2017,2017-07,Pre-COVID,Clothing,67.18,91.0
2017-07-01,2017,2017-07,Pre-COVID,Machinery & Industrial,14.93,78.0
2017-07-01,2017,2017-07,Pre-COVID,Chemicals & Pharma,43.0,65.0
2017-07-01,2017,2017-07,Pre-COVID,Energy & Fuels,23.74,71.0
2017-07-01,2017,2017-07,Pre-COVID,Food & Drink,28.74,82.0
2017-07-01,2017,2017-07,Pre-COVID,Clothing,26.23,91.0
2017-07-01,2017,2017-07,Pre-COVID,Machinery & Industrial,14.93,78.0
2017-07-01,2017,2017-07,Pre-COVID,Chemicals & Pharma,43.0,65.0
2017-07-01,2017,2017-07,Pre-COVID,Energy & Fuels,23.74,71.0
2017-08-01,2017,2017-08,Pre-COVID,Food & Drink,63.41,82.0
2017-08-01,2017,2017-08,Pre-COVID,Clothing,68.46,91.0
2017-08-01,2017,2017-08,Pre-COVID,Machinery & Industrial,14.39,78.0
2017-08-01,2017,2017-08,Pre-COVID,Chemicals & Pharma,43.0,65.0
2017-08-01,2017,2017-08,Pre-COVID,Energy & Fuels,23.56,71.0
2017-08-01,2017,2017-08,Pre-COVID,Food & Drink,26.51,82.0
2017-08-01,2017,2017-08,Pre-COVID,Clothing,27.51,91.0
2017-08-01,2017,2017-08,Pre-COVID,Machinery & Industrial,14.39,78.0
2017-08-01,2017,2017-08,Pre-COVID,Chemicals & Pharma,43.0,65.0
2017-08-01,2017,2017-08,Pre-COVID,Energy & Fuels,23.56,71.0
2017-09-01,2017,2017-09,Pre-COVID,Food & Drink,26.54,82.0
2017-09-01,2017,2017-09,Pre-COVID,Clothing,28.57,91.0
2017-09-01,2017,2017-09,Pre-COVID,Machinery & Industrial,10.5,78.0
2017-09-01,2017,2017-09,Pre-COVID,Chemicals & Pharma,43.0,65.0
2017-09-01,2017,2017-09,Pre-COVID,Energy & Fuels,22.7,71.0
2017-09-01,2017,2017-09,Pre-COVID,Food & Drink,63.44,82.0
2017-09-01,2017,2017-09,Pre-COVID,Clothing,69.52,91.0
2017-09-01,2017,2017-09,Pre-COVID,Machinery & Industrial,10.5,78.0
2017-09-01,2017,2017-09,Pre-COVID,Chemicals & Pharma,43.0,65.0
2017-09-01,2017,2017-09,Pre-COVID,Energy & Fuels,22.7,71.0
2017-10-01,2017,2017-10,Pre-COVID,Food & Drink,64.37,82.0
2017-10-01,2017,2017-10,Pre-COVID,Clothing,70.34,91.0
2017-10-01,2017,2017-10,Pre-COVID,Machinery & Industrial,14.64,78.0
2017-10-01,2017,2017-10,Pre-COVID,Chemicals & Pharma,43.0,65.0
2017-10-01,2017,2017-10,Pre-COVID,Energy & Fuels,20.96,71.0
2017-10-01,2017,2017-10,Pre-COVID,Food & Drink,27.47,82.0
2017-10-01,2017,2017-10,Pre-COVID,Clothing,29.39,91.0
2017-10-01,2017,2017-10,Pre-COVID,Machinery & Industrial,14.64,78.0
2017-10-01,2017,2017-10,Pre-COVID,Chemicals & Pharma,43.0,65.0
2017-10-01,2017,2017-10,Pre-COVID,Energy & Fuels,20.96,71.0
2017-11-01,2017,2017-11,Pre-COVID,Food & Drink,29.22,82.0
2017-11-01,2017,2017-11,Pre-COVID,Clothing,23.12,91.0
2017-11-01,2017,2017-11,Pre-COVID,Machinery & Industrial,45.6,78.0
2017-11-01,2017,2017-11,Pre-COVID,Chemicals & Pharma,43.0,65.0
2017-11-01,2017,2017-11,Pre-COVID,Energy & Fuels,21.79,71.0
2017-11-01,2017,2017-11,Pre-COVID,Food & Drink,66.12,82.0
2017-11-01,2017,2017-11,Pre-COVID,Clothing,64.07,91.0
2017-11-01,2017,2017-11,Pre-COVID,Machinery & Industrial,45.6,78.0
2017-11-01,2017,2017-11,Pre-COVID,Chemicals & Pharma,43.0,65.0
2017-11-01,2017,2017-11,Pre-COVID,Energy & Fuels,21.79,71.0
2017-12-01,2017,2017-12,Pre-COVID,Food & Drink,59.36,82.0
2017-12-01,2017,2017-12,Pre-COVID,Clothing,64.22,91.0
2017-12-01,2017,2017-12,Pre-COVID,Machinery & Industrial,45.6,78.0
2017-12-01,2017,2017-12,Pre-COVID,Chemicals & Pharma,43.0,65.0
2017-12-01,2017,2017-12,Pre-COVID,Energy & Fuels,23.96,71.0
2017-12-01,2017,2017-12,Pre-COVID,Food & Drink,22.46,82.0
2017-12-01,2017,2017-12,Pre-COVID,Clothing,23.27,91.0
2017-12-01,2017,2017-12,Pre-COVID,Machinery & Industrial,45.6,78.0
2017-12-01,2017,2017-12,Pre-COVID,Chemicals & Pharma,43.0,65.0
2017-12-01,2017,2017-12,Pre-COVID,Energy & Fuels,23.96,71.0
2018-01-01,2018,2018-01,Pre-COVID,Food & Drink,68.13,82.0
2018-01-01,2018,2018-01,Pre-COVID,Clothing,62.95,91.0
2018-01-01,2018,2018-01,Pre-COVID,Machinery & Industrial,45.6,78.0
2018-01-01,2018,2018-01,Pre-COVID,Chemicals & Pharma,43.0,65.0
2018-01-01,2018,2018-01,Pre-COVID,Energy & Fuels,21.89,71.0
2018-01-01,2018,2018-01,Pre-COVID,Food & Drink,31.23,82.0
2018-01-01,2018,2018-01,Pre-COVID,Clothing,22.0,91.0
2018-01-01,2018,2018-01,Pre-COVID,Machinery & Industrial,45.6,78.0
2018-01-01,2018,2018-01,Pre-COVID,Chemicals & Pharma,43.0,65.0
2018-01-01,2018,2018-01,Pre-COVID,Energy & Fuels,21.89,71.0
2018-02-01,2018,2018-02,Pre-COVID,Food & Drink,67.71,82.0
2018-02-01,2018,2018-02,Pre-COVID,Clothing,69.99,91.0
2018-02-01,2018,2018-02,Pre-COVID,Machinery & Industrial,13.03,78.0
2018-02-01,2018,2018-02,Pre-COVID,Chemicals & Pharma,43.0,65.0
2018-02-01,2018,2018-02,Pre-COVID,Energy & Fuels,21.46,71.0
2018-02-01,2018,2018-02,Pre-COVID,Food & Drink,30.81,82.0
2018-02-01,2018,2018-02,Pre-COVID,Clothing,29.04,91.0
2018-02-01,2018,2018-02,Pre-COVID,Machinery & Industrial,13.03,78.0
2018-02-01,2018,2018-02,Pre-COVID,Chemicals & Pharma,43.0,65.0
2018-02-01,2018,2018-02,Pre-COVID,Energy & Fuels,21.46,71.0
2018-03-01,2018,2018-03,Pre-COVID,Food & Drink,64.99,82.0
2018-03-01,2018,2018-03,Pre-COVID,Clothing,64.57,91.0
2018-03-01,2018,2018-03,Pre-COVID,Machinery & Industrial,13.09,78.0
2018-03-01,2018,2018-03,Pre-COVID,Chemicals & Pharma,43.0,65.0
2018-03-01,2018,2018-03,Pre-COVID,Energy & Fuels,22.47,71.0
2018-03-01,2018,2018-03,Pre-COVID,Food & Drink,28.09,82.0
2018-03-01,2018,2018-03,Pre-COVID,Clothing,23.62,91.0
2018-03-01,2018,2018-03,Pre-COVID,Machinery & Industrial,13.09,78.0
2018-03-01,2018,2018-03,Pre-COVID,Chemicals & Pharma,43.0,65.0
2018-03-01,2018,2018-03,Pre-COVID,Energy & Fuels,22.47,71.0
2018-04-01,2018,2018-04,Pre-COVID,Food & Drink,30.51,82.0
2018-04-01,2018,2018-04,Pre-COVID,Clothing,26.13,91.0
2018-04-01,2018,2018-04,Pre-COVID,Machinery & Industrial,17.19,78.0
2018-04-01,2018,2018-04,Pre-COVID,Chemicals & Pharma,43.0,65.0
2018-04-01,2018,2018-04,Pre-COVID,Energy & Fuels,23.69,71.0
2018-04-01,2018,2018-04,Pre-COVID,Food & Drink,67.41,82.0
2018-04-01,2018,2018-04,Pre-COVID,Clothing,67.08,91.0
2018-04-01,2018,2018-04,Pre-COVID,Machinery & Industrial,17.19,78.0
2018-04-01,2018,2018-04,Pre-COVID,Chemicals & Pharma,43.0,65.0
2018-04-01,2018,2018-04,Pre-COVID,Energy & Fuels,23.69,71.0
2018-05-01,2018,2018-05,Pre-COVID,Food & Drink,64.36,82.0
2018-05-01,2018,2018-05,Pre-COVID,Clothing,60.92,91.0
2018-05-01,2018,2018-05,Pre-COVID,Machinery & Industrial,12.39,78.0
2018-05-01,2018,2018-05,Pre-COVID,Chemicals & Pharma,43.0,65.0
2018-05-01,2018,2018-05,Pre-COVID,Energy & Fuels,25.13,71.0
2018-05-01,2018,2018-05,Pre-COVID,Food & Drink,27.46,82.0
2018-05-01,2018,2018-05,Pre-COVID,Clothing,19.97,91.0
2018-05-01,2018,2018-05,Pre-COVID,Machinery & Industrial,12.39,78.0
2018-05-01,2018,2018-05,Pre-COVID,Chemicals & Pharma,43.0,65.0
2018-05-01,2018,2018-05,Pre-COVID,Energy & Fuels,25.13,71.0
2018-06-01,2018,2018-06,Pre-COVID,Food & Drink,26.54,82.0
2018-06-01,2018,2018-06,Pre-COVID,Clothing,21.28,91.0
2018-06-01,2018,2018-06,Pre-COVID,Machinery & Industrial,12.79,78.0
2018-06-01,2018,2018-06,Pre-COVID,Chemicals & Pharma,43.0,65.0
2018-06-01,2018,2018-06,Pre-COVID,Energy & Fuels,23.64,71.0
2018-06-01,2018,2018-06,Pre-COVID,Food & Drink,63.44,82.0
2018-06-01,2018,2018-06,Pre-COVID,Clothing,62.23,91.0
2018-06-01,2018,2018-06,Pre-COVID,Machinery & Industrial,12.79,78.0
2018-06-01,2018,2018-06,Pre-COVID,Chemicals & Pharma,43.0,65.0
2018-06-01,2018,2018-06,Pre-COVID,Energy & Fuels,23.64,71.0
2018-07-01,2018,2018-07,Pre-COVID,Food & Drink,28.02,82.0
2018-07-01,2018,2018-07,Pre-COVID,Clothing,23.2,91.0
2018-07-01,2018,2018-07,Pre-COVID,Machinery & Industrial,15.32,78.0
2018-07-01,2018,2018-07,Pre-COVID,Chemicals & Pharma,43.0,65.0
2018-07-01,2018,2018-07,Pre-COVID,Energy & Fuels,26.03,71.0
2018-07-01,2018,2018-07,Pre-COVID,Food & Drink,64.92,82.0
2018-07-01,2018,2018-07,Pre-COVID,Clothing,64.15,91.0
2018-07-01,2018,2018-07,Pre-COVID,Machinery & Industrial,15.32,78.0
2018-07-01,2018,2018-07,Pre-COVID,Chemicals & Pharma,43.0,65.0
2018-07-01,2018,2018-07,Pre-COVID,Energy & Fuels,26.03,71.0
2018-08-01,2018,2018-08,Pre-COVID,Food & Drink,26.86,82.0
2018-08-01,2018,2018-08,Pre-COVID,Clothing,24.95,91.0
2018-08-01,2018,2018-08,Pre-COVID,Machinery & Industrial,17.14,78.0
2018-08-01,2018,2018-08,Pre-COVID,Chemicals & Pharma,43.0,65.0
2018-08-01,2018,2018-08,Pre-COVID,Energy & Fuels,26.86,71.0
2018-08-01,2018,2018-08,Pre-COVID,Food & Drink,63.76,82.0
2018-08-01,2018,2018-08,Pre-COVID,Clothing,65.9,91.0
2018-08-01,2018,2018-08,Pre-COVID,Machinery & Industrial,17.14,78.0
2018-08-01,2018,2018-08,Pre-COVID,Chemicals & Pharma,43.0,65.0
2018-08-01,2018,2018-08,Pre-COVID,Energy & Fuels,26.86,71.0
2018-09-01,2018,2018-09,Pre-COVID,Food & Drink,63.56,82.0
2018-09-01,2018,2018-09,Pre-COVID,Clothing,69.26,91.0
2018-09-01,2018,2018-09,Pre-COVID,Machinery & Industrial,12.96,78.0
2018-09-01,2018,2018-09,Pre-COVID,Chemicals & Pharma,43.0,65.0
2018-09-01,2018,2018-09,Pre-COVID,Energy & Fuels,25.28,71.0
2018-09-01,2018,2018-09,Pre-COVID,Food & Drink,26.66,82.0
2018-09-01,2018,2018-09,Pre-COVID,Clothing,28.31,91.0
2018-09-01,2018,2018-09,Pre-COVID,Machinery & Industrial,12.96,78.0
2018-09-01,2018,2018-09,Pre-COVID,Chemicals & Pharma,43.0,65.0
2018-09-01,2018,2018-09,Pre-COVID,Energy & Fuels,25.28,71.0
2018-10-01,2018,2018-10,Pre-COVID,Food & Drink,25.77,82.0
2018-10-01,2018,2018-10,Pre-COVID,Clothing,25.23,91.0
2018-10-01,2018,2018-10,Pre-COVID,Machinery & Industrial,13.49,78.0
2018-10-01,2018,2018-10,Pre-COVID,Chemicals & Pharma,43.0,65.0
2018-10-01,2018,2018-10,Pre-COVID,Energy & Fuels,23.83,71.0
2018-10-01,2018,2018-10,Pre-COVID,Food & Drink,62.67,82.0
2018-10-01,2018,2018-10,Pre-COVID,Clothing,66.18,91.0
2018-10-01,2018,2018-10,Pre-COVID,Machinery & Industrial,13.49,78.0
2018-10-01,2018,2018-10,Pre-COVID,Chemicals & Pharma,43.0,65.0
2018-10-01,2018,2018-10,Pre-COVID,Energy & Fuels,23.83,71.0
2018-11-01,2018,2018-11,Pre-COVID,Food & Drink,28.01,82.0
2018-11-01,2018,2018-11,Pre-COVID,Clothing,20.2,91.0
2018-11-01,2018,2018-11,Pre-COVID,Machinery & Industrial,45.6,78.0
2018-11-01,2018,2018-11,Pre-COVID,Chemicals & Pharma,43.0,65.0
2018-11-01,2018,2018-11,Pre-COVID,Energy & Fuels,21.93,71.0
2018-11-01,2018,2018-11,Pre-COVID,Food & Drink,64.91,82.0
2018-11-01,2018,2018-11,Pre-COVID,Clothing,61.15,91.0
2018-11-01,2018,2018-11,Pre-COVID,Machinery & Industrial,45.6,78.0
2018-11-01,2018,2018-11,Pre-COVID,Chemicals & Pharma,43.0,65.0
2018-11-01,2018,2018-11,Pre-COVID,Energy & Fuels,21.93,71.0
2018-12-01,2018,2018-12,Pre-COVID,Food & Drink,21.01,82.0
2018-12-01,2018,2018-12,Pre-COVID,Clothing,21.69,91.0
2018-12-01,2018,2018-12,Pre-COVID,Machinery & Industrial,45.6,78.0
2018-12-01,2018,2018-12,Pre-COVID,Chemicals & Pharma,43.0,65.0
2018-12-01,2018,2018-12,Pre-COVID,Energy & Fuels,21.95,71.0
2018-12-01,2018,2018-12,Pre-COVID,Food & Drink,57.91,82.0
2018-12-01,2018,2018-12,Pre-COVID,Clothing,62.64,91.0
2018-12-01,2018,2018-12,Pre-COVID,Machinery & Industrial,45.6,78.0
2018-12-01,2018,2018-12,Pre-COVID,Chemicals & Pharma,43.0,65.0
2018-12-01,2018,2018-12,Pre-COVID,Energy & Fuels,21.95,71.0
2019-01-01,2019,2019-01,Pre-COVID,Food & Drink,28.96,82.0
2019-01-01,2019,2019-01,Pre-COVID,Clothing,20.77,91.0
2019-01-01,2019,2019-01,Pre-COVID,Machinery & Industrial,45.6,78.0
2019-01-01,2019,2019-01,Pre-COVID,Chemicals & Pharma,43.0,65.0
2019-01-01,2019,2019-01,Pre-COVID,Energy & Fuels,19.46,71.0
2019-01-01,2019,2019-01,Pre-COVID,Food & Drink,65.86,82.0
2019-01-01,2019,2019-01,Pre-COVID,Clothing,61.72,91.0
2019-01-01,2019,2019-01,Pre-COVID,Machinery & Industrial,45.6,78.0
2019-01-01,2019,2019-01,Pre-COVID,Chemicals & Pharma,43.0,65.0
2019-01-01,2019,2019-01,Pre-COVID,Energy & Fuels,19.46,71.0
2019-02-01,2019,2019-02,Pre-COVID,Food & Drink,64.75,82.0
2019-02-01,2019,2019-02,Pre-COVID,Clothing,67.49,91.0
2019-02-01,2019,2019-02,Pre-COVID,Machinery & Industrial,12.16,78.0
2019-02-01,2019,2019-02,Pre-COVID,Chemicals & Pharma,43.0,65.0
2019-02-01,2019,2019-02,Pre-COVID,Energy & Fuels,18.57,71.0
2019-02-01,2019,2019-02,Pre-COVID,Food & Drink,27.85,82.0
2019-02-01,2019,2019-02,Pre-COVID,Clothing,26.54,91.0
2019-02-01,2019,2019-02,Pre-COVID,Machinery & Industrial,12.16,78.0
2019-02-01,2019,2019-02,Pre-COVID,Chemicals & Pharma,43.0,65.0
2019-02-01,2019,2019-02,Pre-COVID,Energy & Fuels,18.57,71.0
2019-03-01,2019,2019-03,Pre-COVID,Food & Drink,62.23,82.0
2019-03-01,2019,2019-03,Pre-COVID,Clothing,61.61,91.0
2019-03-01,2019,2019-03,Pre-COVID,Machinery & Industrial,9.99,78.0
2019-03-01,2019,2019-03,Pre-COVID,Chemicals & Pharma,43.0,65.0
2019-03-01,2019,2019-03,Pre-COVID,Energy & Fuels,20.27,71.0
2019-03-01,2019,2019-03,Pre-COVID,Food & Drink,25.33,82.0
2019-03-01,2019,2019-03,Pre-COVID,Clothing,20.66,91.0
2019-03-01,2019,2019-03,Pre-COVID,Machinery & Industrial,9.99,78.0
2019-03-01,2019,2019-03,Pre-COVID,Chemicals & Pharma,43.0,65.0
2019-03-01,2019,2019-03,Pre-COVID,Energy & Fuels,20.27,71.0
2019-04-01,2019,2019-04,Pre-COVID,Food & Drink,29.22,82.0
2019-04-01,2019,2019-04,Pre-COVID,Clothing,26.0,91.0
2019-04-01,2019,2019-04,Pre-COVID,Machinery & Industrial,16.91,78.0
2019-04-01,2019,2019-04,Pre-COVID,Chemicals & Pharma,43.0,65.0
2019-04-01,2019,2019-04,Pre-COVID,Energy & Fuels,23.0,71.0
2019-04-01,2019,2019-04,Pre-COVID,Food & Drink,66.12,82.0
2019-04-01,2019,2019-04,Pre-COVID,Clothing,66.95,91.0
2019-04-01,2019,2019-04,Pre-COVID,Machinery & Industrial,16.91,78.0
2019-04-01,2019,2019-04,Pre-COVID,Chemicals & Pharma,43.0,65.0
2019-04-01,2019,2019-04,Pre-COVID,Energy & Fuels,23.0,71.0
2019-05-01,2019,2019-05,Pre-COVID,Food & Drink,65.67,82.0
2019-05-01,2019,2019-05,Pre-COVID,Clothing,64.01,91.0
2019-05-01,2019,2019-05,Pre-COVID,Machinery & Industrial,14.46,78.0
2019-05-01,2019,2019-05,Pre-COVID,Chemicals & Pharma,43.0,65.0
2019-05-01,2019,2019-05,Pre-COVID,Energy & Fuels,23.04,71.0
2019-05-01,2019,2019-05,Pre-COVID,Food & Drink,28.77,82.0
2019-05-01,2019,2019-05,Pre-COVID,Clothing,23.06,91.0
2019-05-01,2019,2019-05,Pre-COVID,Machinery & Industrial,14.46,78.0
2019-05-01,2019,2019-05,Pre-COVID,Chemicals & Pharma,43.0,65.0
2019-05-01,2019,2019-05,Pre-COVID,Energy & Fuels,23.04,71.0
2019-06-01,2019,2019-06,Pre-COVID,Food & Drink,29.84,82.0
2019-06-01,2019,2019-06,Pre-COVID,Clothing,23.67,91.0
2019-06-01,2019,2019-06,Pre-COVID,Machinery & Industrial,15.09,78.0
2019-06-01,2019,2019-06,Pre-COVID,Chemicals & Pharma,43.0,65.0
2019-06-01,2019,2019-06,Pre-COVID,Energy & Fuels,22.64,71.0
2019-06-01,2019,2019-06,Pre-COVID,Food & Drink,66.74,82.0
2019-06-01,2019,2019-06,Pre-COVID,Clothing,64.62,91.0
2019-06-01,2019,2019-06,Pre-COVID,Machinery & Industrial,15.09,78.0
2019-06-01,2019,2019-06,Pre-COVID,Chemicals & Pharma,43.0,65.0
2019-06-01,2019,2019-06,Pre-COVID,Energy & Fuels,22.64,71.0
2019-07-01,2019,2019-07,Pre-COVID,Food & Drink,28.99,82.0
2019-07-01,2019,2019-07,Pre-COVID,Clothing,26.46,91.0
2019-07-01,2019,2019-07,Pre-COVID,Machinery & Industrial,14.01,78.0
2019-07-01,2019,2019-07,Pre-COVID,Chemicals & Pharma,43.0,65.0
2019-07-01,2019,2019-07,Pre-COVID,Energy & Fuels,24.29,71.0
2019-07-01,2019,2019-07,Pre-COVID,Food & Drink,65.89,82.0
2019-07-01,2019,2019-07,Pre-COVID,Clothing,67.41,91.0
2019-07-01,2019,2019-07,Pre-COVID,Machinery & Industrial,14.01,78.0
2019-07-01,2019,2019-07,Pre-COVID,Chemicals & Pharma,43.0,65.0
2019-07-01,2019,2019-07,Pre-COVID,Energy & Fuels,24.29,71.0
2019-08-01,2019,2019-08,Pre-COVID,Food & Drink,28.78,82.0
2019-08-01,2019,2019-08,Pre-COVID,Clothing,28.6,91.0
2019-08-01,2019,2019-08,Pre-COVID,Machinery & Industrial,16.33,78.0
2019-08-01,2019,2019-08,Pre-COVID,Chemicals & Pharma,43.0,65.0
2019-08-01,2019,2019-08,Pre-COVID,Energy & Fuels,25.19,71.0
2019-08-01,2019,2019-08,Pre-COVID,Food & Drink,65.68,82.0
2019-08-01,2019,2019-08,Pre-COVID,Clothing,69.55,91.0
2019-08-01,2019,2019-08,Pre-COVID,Machinery & Industrial,16.33,78.0
2019-08-01,2019,2019-08,Pre-COVID,Chemicals & Pharma,43.0,65.0
2019-08-01,2019,2019-08,Pre-COVID,Energy & Fuels,25.19,71.0
2019-09-01,2019,2019-09,Pre-COVID,Food & Drink,27.63,82.0
2019-09-01,2019,2019-09,Pre-COVID,Clothing,28.4,91.0
2019-09-01,2019,2019-09,Pre-COVID,Machinery & Industrial,8.03,78.0
2019-09-01,2019,2019-09,Pre-COVID,Chemicals & Pharma,43.0,65.0
2019-09-01,2019,2019-09,Pre-COVID,Energy & Fuels,22.62,71.0
2019-09-01,2019,2019-09,Pre-COVID,Food & Drink,64.53,82.0
2019-09-01,2019,2019-09,Pre-COVID,Clothing,69.35,91.0
2019-09-01,2019,2019-09,Pre-COVID,Machinery & Industrial,8.03,78.0
2019-09-01,2019,2019-09,Pre-COVID,Chemicals & Pharma,43.0,65.0
2019-09-01,2019,2019-09,Pre-COVID,Energy & Fuels,22.62,71.0
2019-10-01,2019,2019-10,Pre-COVID,Food & Drink,60.81,82.0
2019-10-01,2019,2019-10,Pre-COVID,Clothing,69.72,91.0
2019-10-01,2019,2019-10,Pre-COVID,Machinery & Industrial,11.67,78.0
2019-10-01,2019,2019-10,Pre-COVID,Chemicals & Pharma,43.0,65.0
2019-10-01,2019,2019-10,Pre-COVID,Energy & Fuels,20.05,71.0
2019-10-01,2019,2019-10,Pre-COVID,Food & Drink,23.91,82.0
2019-10-01,2019,2019-10,Pre-COVID,Clothing,28.77,91.0
2019-10-01,2019,2019-10,Pre-COVID,Machinery & Industrial,11.67,78.0
2019-10-01,2019,2019-10,Pre-COVID,Chemicals & Pharma,43.0,65.0
2019-10-01,2019,2019-10,Pre-COVID,Energy & Fuels,20.05,71.0
2019-11-01,2019,2019-11,Pre-COVID,Food & Drink,67.95,82.0
2019-11-01,2019,2019-11,Pre-COVID,Clothing,63.18,91.0
2019-11-01,2019,2019-11,Pre-COVID,Machinery & Industrial,45.6,78.0
2019-11-01,2019,2019-11,Pre-COVID,Chemicals & Pharma,43.0,65.0
2019-11-01,2019,2019-11,Pre-COVID,Energy & Fuels,20.13,71.0
2019-11-01,2019,2019-11,Pre-COVID,Food & Drink,31.05,82.0
2019-11-01,2019,2019-11,Pre-COVID,Clothing,22.23,91.0
2019-11-01,2019,2019-11,Pre-COVID,Machinery & Industrial,45.6,78.0
2019-11-01,2019,2019-11,Pre-COVID,Chemicals & Pharma,43.0,65.0
2019-11-01,2019,2019-11,Pre-COVID,Energy & Fuels,20.13,71.0
2019-12-01,2019,2019-12,Pre-COVID,Food & Drink,21.11,82.0
2019-12-01,2019,2019-12,Pre-COVID,Clothing,21.18,91.0
2019-12-01,2019,2019-12,Pre-COVID,Machinery & Industrial,45.6,78.0
2019-12-01,2019,2019-12,Pre-COVID,Chemicals & Pharma,43.0,65.0
2019-12-01,2019,2019-12,Pre-COVID,Energy & Fuels,20.35,71.0
2019-12-01,2019,2019-12,Pre-COVID,Food & Drink,58.01,82.0
2019-12-01,2019,2019-12,Pre-COVID,Clothing,62.13,91.0
2019-12-01,2019,2019-12,Pre-COVID,Machinery & Industrial,45.6,78.0
2019-12-01,2019,2019-12,Pre-COVID,Chemicals & Pharma,43.0,65.0
2019-12-01,2019,2019-12,Pre-COVID,Energy & Fuels,20.35,71.0
2020-01-01,2020,2020-01,Pre-COVID,Food & Drink,67.0,82.0
2020-01-01,2020,2020-01,Pre-COVID,Clothing,61.55,91.0
2020-01-01,2020,2020-01,Pre-COVID,Machinery & Industrial,45.6,78.0
2020-01-01,2020,2020-01,Pre-COVID,Chemicals & Pharma,43.0,65.0
2020-01-01,2020,2020-01,Pre-COVID,Energy & Fuels,19.83,71.0
2020-01-01,2020,2020-01,Pre-COVID,Food & Drink,30.1,82.0
2020-01-01,2020,2020-01,Pre-COVID,Clothing,20.6,91.0
2020-01-01,2020,2020-01,Pre-COVID,Machinery & Industrial,45.6,78.0
2020-01-01,2020,2020-01,Pre-COVID,Chemicals & Pharma,43.0,65.0
2020-01-01,2020,2020-01,Pre-COVID,Energy & Fuels,19.83,71.0
2020-02-01,2020,2020-02,Pre-COVID,Food & Drink,66.91,82.0
2020-02-01,2020,2020-02,Pre-COVID,Clothing,71.95,91.0
2020-02-01,2020,2020-02,Pre-COVID,Machinery & Industrial,15.75,78.0
2020-02-01,2020,2020-02,Pre-COVID,Chemicals & Pharma,43.0,65.0
2020-02-01,2020,2020-02,Pre-COVID,Energy & Fuels,18.96,71.0
2020-02-01,2020,2020-02,Pre-COVID,Food & Drink,30.01,82.0
2020-02-01,2020,2020-02,Pre-COVID,Clothing,31.0,91.0
2020-02-01,2020,2020-02,Pre-COVID,Machinery & Industrial,15.75,78.0
2020-02-01,2020,2020-02,Pre-COVID,Chemicals & Pharma,43.0,65.0
2020-02-01,2020,2020-02,Pre-COVID,Energy & Fuels,18.96,71.0
2020-03-01,2020,2020-03,COVID Period,Food & Drink,27.92,82.0
2020-03-01,2020,2020-03,COVID Period,Clothing,25.55,91.0
2020-03-01,2020,2020-03,COVID Period,Machinery & Industrial,16.76,78.0
2020-03-01,2020,2020-03,COVID Period,Chemicals & Pharma,43.0,65.0
2020-03-01,2020,2020-03,COVID Period,Energy & Fuels,20.97,71.0
2020-03-01,2020,2020-03,COVID Period,Food & Drink,64.82,82.0
2020-03-01,2020,2020-03,COVID Period,Clothing,66.5,91.0
2020-03-01,2020,2020-03,COVID Period,Machinery & Industrial,16.76,78.0
2020-03-01,2020,2020-03,COVID Period,Chemicals & Pharma,43.0,65.0
2020-03-01,2020,2020-03,COVID Period,Energy & Fuels,20.97,71.0
2020-04-01,2020,2020-04,COVID Period,Food & Drink,68.48,82.0
2020-04-01,2020,2020-04,COVID Period,Clothing,70.92,91.0
2020-04-01,2020,2020-04,COVID Period,Machinery & Industrial,22.2,78.0
2020-04-01,2020,2020-04,COVID Period,Chemicals & Pharma,43.0,65.0
2020-04-01,2020,2020-04,COVID Period,Energy & Fuels,21.18,71.0
2020-04-01,2020,2020-04,COVID Period,Food & Drink,31.58,82.0
2020-04-01,2020,2020-04,COVID Period,Clothing,29.97,91.0
2020-04-01,2020,2020-04,COVID Period,Machinery & Industrial,22.2,78.0
2020-04-01,2020,2020-04,COVID Period,Chemicals & Pharma,43.0,65.0
2020-04-01,2020,2020-04,COVID Period,Energy & Fuels,21.18,71.0
2020-05-01,2020,2020-05,COVID Period,Food & Drink,29.97,82.0
2020-05-01,2020,2020-05,COVID Period,Clothing,28.34,91.0
2020-05-01,2020,2020-05,COVID Period,Machinery & Industrial,22.2,78.0
2020-05-01,2020,2020-05,COVID Period,Chemicals & Pharma,43.0,65.0
2020-05-01,2020,2020-05,COVID Period,Energy & Fuels,20.44,71.0
2020-05-01,2020,2020-05,COVID Period,Food & Drink,66.87,82.0
2020-05-01,2020,2020-05,COVID Period,Clothing,69.29,91.0
2020-05-01,2020,2020-05,COVID Period,Machinery & Industrial,22.2,78.0
2020-05-01,2020,2020-05,COVID Period,Chemicals & Pharma,43.0,65.0
2020-05-01,2020,2020-05,COVID Period,Energy & Fuels,20.44,71.0
2020-06-01,2020,2020-06,COVID Period,Food & Drink,27.72,82.0
2020-06-01,2020,2020-06,COVID Period,Clothing,25.63,91.0
2020-06-01,2020,2020-06,COVID Period,Machinery & Industrial,18.37,78.0
2020-06-01,2020,2020-06,COVID Period,Chemicals & Pharma,43.0,65.0
2020-06-01,2020,2020-06,COVID Period,Energy & Fuels,20.31,71.0
2020-06-01,2020,2020-06,COVID Period,Food & Drink,64.62,82.0
2020-06-01,2020,2020-06,COVID Period,Clothing,66.58,91.0
2020-06-01,2020,2020-06,COVID Period,Machinery & Industrial,18.37,78.0
2020-06-01,2020,2020-06,COVID Period,Chemicals & Pharma,43.0,65.0
2020-06-01,2020,2020-06,COVID Period,Energy & Fuels,20.31,71.0
2020-07-01,2020,2020-07,COVID Period,Food & Drink,26.88,82.0
2020-07-01,2020,2020-07,COVID Period,Clothing,30.0,91.0
2020-07-01,2020,2020-07,COVID Period,Machinery & Industrial,16.34,78.0
2020-07-01,2020,2020-07,COVID Period,Chemicals & Pharma,43.0,65.0
2020-07-01,2020,2020-07,COVID Period,Energy & Fuels,21.69,71.0
2020-07-01,2020,2020-07,COVID Period,Food & Drink,63.78,82.0
2020-07-01,2020,2020-07,COVID Period,Clothing,70.95,91.0
2020-07-01,2020,2020-07,COVID Period,Machinery & Industrial,16.34,78.0
2020-07-01,2020,2020-07,COVID Period,Chemicals & Pharma,43.0,65.0
2020-07-01,2020,2020-07,COVID Period,Energy & Fuels,21.69,71.0
2020-08-01,2020,2020-08,COVID Period,Food & Drink,65.57,82.0
2020-08-01,2020,2020-08,COVID Period,Clothing,71.52,91.0
2020-08-01,2020,2020-08,COVID Period,Machinery & Industrial,20.4,78.0
2020-08-01,2020,2020-08,COVID Period,Chemicals & Pharma,43.0,65.0
2020-08-01,2020,2020-08,COVID Period,Energy & Fuels,22.35,71.0
2020-08-01,2020,2020-08,COVID Period,Food & Drink,28.67,82.0
2020-08-01,2020,2020-08,COVID Period,Clothing,30.57,91.0
2020-08-01,2020,2020-08,COVID Period,Machinery & Industrial,20.4,78.0
2020-08-01,2020,2020-08,COVID Period,Chemicals & Pharma,43.0,65.0
2020-08-01,2020,2020-08,COVID Period,Energy & Fuels,22.35,71.0
2020-09-01,2020,2020-09,COVID Period,Food & Drink,25.6,82.0
2020-09-01,2020,2020-09,COVID Period,Clothing,30.16,91.0
2020-09-01,2020,2020-09,COVID Period,Machinery & Industrial,12.09,78.0
2020-09-01,2020,2020-09,COVID Period,Chemicals & Pharma,43.0,65.0
2020-09-01,2020,2020-09,COVID Period,Energy & Fuels,22.21,71.0
2020-09-01,2020,2020-09,COVID Period,Food & Drink,62.5,82.0
2020-09-01,2020,2020-09,COVID Period,Clothing,71.11,91.0
2020-09-01,2020,2020-09,COVID Period,Machinery & Industrial,12.09,78.0
2020-09-01,2020,2020-09,COVID Period,Chemicals & Pharma,43.0,65.0
2020-09-01,2020,2020-09,COVID Period,Energy & Fuels,22.21,71.0
2020-10-01,2020,2020-10,COVID Period,Food & Drink,62.92,82.0
2020-10-01,2020,2020-10,COVID Period,Clothing,77.46,91.0
2020-10-01,2020,2020-10,COVID Period,Machinery & Industrial,16.25,78.0
2020-10-01,2020,2020-10,COVID Period,Chemicals & Pharma,43.0,65.0
2020-10-01,2020,2020-10,COVID Period,Energy & Fuels,22.31,71.0
2020-10-01,2020,2020-10,COVID Period,Food & Drink,26.02,82.0
2020-10-01,2020,2020-10,COVID Period,Clothing,36.51,91.0
2020-10-01,2020,2020-10,COVID Period,Machinery & Industrial,16.25,78.0
2020-10-01,2020,2020-10,COVID Period,Chemicals & Pharma,43.0,65.0
2020-10-01,2020,2020-10,COVID Period,Energy & Fuels,22.31,71.0
2020-11-01,2020,2020-11,COVID Period,Food & Drink,64.9,82.0
2020-11-01,2020,2020-11,COVID Period,Clothing,62.52,91.0
2020-11-01,2020,2020-11,COVID Period,Machinery & Industrial,45.6,78.0
2020-11-01,2020,2020-11,COVID Period,Chemicals & Pharma,43.0,65.0
2020-11-01,2020,2020-11,COVID Period,Energy & Fuels,22.81,71.0
2020-11-01,2020,2020-11,COVID Period,Food & Drink,28.0,82.0
2020-11-01,2020,2020-11,COVID Period,Clothing,21.57,91.0
2020-11-01,2020,2020-11,COVID Period,Machinery & Industrial,45.6,78.0
2020-11-01,2020,2020-11,COVID Period,Chemicals & Pharma,43.0,65.0
2020-11-01,2020,2020-11,COVID Period,Energy & Fuels,22.81,71.0
2020-12-01,2020,2020-12,COVID Period,Food & Drink,55.1,82.0
2020-12-01,2020,2020-12,COVID Period,Clothing,62.67,91.0
2020-12-01,2020,2020-12,COVID Period,Machinery & Industrial,45.6,78.0
2020-12-01,2020,2020-12,COVID Period,Chemicals & Pharma,43.0,65.0
2020-12-01,2020,2020-12,COVID Period,Energy & Fuels,23.84,71.0
2020-12-01,2020,2020-12,COVID Period,Food & Drink,18.2,82.0
2020-12-01,2020,2020-12,COVID Period,Clothing,21.72,91.0
2020-12-01,2020,2020-12,COVID Period,Machinery & Industrial,45.6,78.0
2020-12-01,2020,2020-12,COVID Period,Chemicals & Pharma,43.0,65.0
2020-12-01,2020,2020-12,COVID Period,Energy & Fuels,23.84,71.0
2021-01-01,2021,2021-01,Post-Brexit / Recovery,Food & Drink,67.76,82.0
2021-01-01,2021,2021-01,Post-Brexit / Recovery,Clothing,57.29,91.0
2021-01-01,2021,2021-01,Post-Brexit / Recovery,Machinery & Industrial,45.6,78.0
2021-01-01,2021,2021-01,Post-Brexit / Recovery,Chemicals & Pharma,43.0,65.0
2021-01-01,2021,2021-01,Post-Brexit / Recovery,Energy & Fuels,22.66,71.0
2021-01-01,2021,2021-01,Post-Brexit / Recovery,Food & Drink,30.86,82.0
2021-01-01,2021,2021-01,Post-Brexit / Recovery,Clothing,16.34,91.0
2021-01-01,2021,2021-01,Post-Brexit / Recovery,Machinery & Industrial,45.6,78.0
2021-01-01,2021,2021-01,Post-Brexit / Recovery,Chemicals & Pharma,43.0,65.0
2021-01-01,2021,2021-01,Post-Brexit / Recovery,Energy & Fuels,22.66,71.0
2021-02-01,2021,2021-02,Post-Brexit / Recovery,Food & Drink,30.03,82.0
2021-02-01,2021,2021-02,Post-Brexit / Recovery,Clothing,24.53,91.0
2021-02-01,2021,2021-02,Post-Brexit / Recovery,Machinery & Industrial,16.52,78.0
2021-02-01,2021,2021-02,Post-Brexit / Recovery,Chemicals & Pharma,43.0,65.0
2021-02-01,2021,2021-02,Post-Brexit / Recovery,Energy & Fuels,22.32,71.0
2021-02-01,2021,2021-02,Post-Brexit / Recovery,Food & Drink,66.93,82.0
2021-02-01,2021,2021-02,Post-Brexit / Recovery,Clothing,65.48,91.0
2021-02-01,2021,2021-02,Post-Brexit / Recovery,Machinery & Industrial,16.52,78.0
2021-02-01,2021,2021-02,Post-Brexit / Recovery,Chemicals & Pharma,43.0,65.0
2021-02-01,2021,2021-02,Post-Brexit / Recovery,Energy & Fuels,22.32,71.0
2021-03-01,2021,2021-03,Post-Brexit / Recovery,Food & Drink,64.48,82.0
2021-03-01,2021,2021-03,Post-Brexit / Recovery,Clothing,60.64,91.0
2021-03-01,2021,2021-03,Post-Brexit / Recovery,Machinery & Industrial,14.61,78.0
2021-03-01,2021,2021-03,Post-Brexit / Recovery,Chemicals & Pharma,43.0,65.0
2021-03-01,2021,2021-03,Post-Brexit / Recovery,Energy & Fuels,23.73,71.0
2021-03-01,2021,2021-03,Post-Brexit / Recovery,Food & Drink,27.58,82.0
2021-03-01,2021,2021-03,Post-Brexit / Recovery,Clothing,19.69,91.0
2021-03-01,2021,2021-03,Post-Brexit / Recovery,Machinery & Industrial,14.61,78.0
2021-03-01,2021,2021-03,Post-Brexit / Recovery,Chemicals & Pharma,43.0,65.0
2021-03-01,2021,2021-03,Post-Brexit / Recovery,Energy & Fuels,23.73,71.0
2021-04-01,2021,2021-04,Post-Brexit / Recovery,Food & Drink,68.84,82.0
2021-04-01,2021,2021-04,Post-Brexit / Recovery,Clothing,63.22,91.0
2021-04-01,2021,2021-04,Post-Brexit / Recovery,Machinery & Industrial,17.85,78.0
2021-04-01,2021,2021-04,Post-Brexit / Recovery,Chemicals & Pharma,43.0,65.0
2021-04-01,2021,2021-04,Post-Brexit / Recovery,Energy & Fuels,24.71,71.0
2021-04-01,2021,2021-04,Post-Brexit / Recovery,Food & Drink,31.94,82.0
2021-04-01,2021,2021-04,Post-Brexit / Recovery,Clothing,22.27,91.0
2021-04-01,2021,2021-04,Post-Brexit / Recovery,Machinery & Industrial,17.85,78.0
2021-04-01,2021,2021-04,Post-Brexit / Recovery,Chemicals & Pharma,43.0,65.0
2021-04-01,2021,2021-04,Post-Brexit / Recovery,Energy & Fuels,24.71,71.0
2021-05-01,2021,2021-05,Post-Brexit / Recovery,Food & Drink,30.51,82.0
2021-05-01,2021,2021-05,Post-Brexit / Recovery,Clothing,18.55,91.0
2021-05-01,2021,2021-05,Post-Brexit / Recovery,Machinery & Industrial,6.6,78.0
2021-05-01,2021,2021-05,Post-Brexit / Recovery,Chemicals & Pharma,43.0,65.0
2021-05-01,2021,2021-05,Post-Brexit / Recovery,Energy & Fuels,25.62,71.0
2021-05-01,2021,2021-05,Post-Brexit / Recovery,Food & Drink,67.41,82.0
2021-05-01,2021,2021-05,Post-Brexit / Recovery,Clothing,59.5,91.0
2021-05-01,2021,2021-05,Post-Brexit / Recovery,Machinery & Industrial,6.6,78.0
2021-05-01,2021,2021-05,Post-Brexit / Recovery,Chemicals & Pharma,43.0,65.0
2021-05-01,2021,2021-05,Post-Brexit / Recovery,Energy & Fuels,25.62,71.0
2021-06-01,2021,2021-06,Post-Brexit / Recovery,Food & Drink,29.67,82.0
2021-06-01,2021,2021-06,Post-Brexit / Recovery,Clothing,19.32,91.0
2021-06-01,2021,2021-06,Post-Brexit / Recovery,Machinery & Industrial,6.6,78.0
2021-06-01,2021,2021-06,Post-Brexit / Recovery,Chemicals & Pharma,43.0,65.0
2021-06-01,2021,2021-06,Post-Brexit / Recovery,Energy & Fuels,25.41,71.0
2021-06-01,2021,2021-06,Post-Brexit / Recovery,Food & Drink,66.57,82.0
2021-06-01,2021,2021-06,Post-Brexit / Recovery,Clothing,60.27,91.0
2021-06-01,2021,2021-06,Post-Brexit / Recovery,Machinery & Industrial,6.6,78.0
2021-06-01,2021,2021-06,Post-Brexit / Recovery,Chemicals & Pharma,43.0,65.0
2021-06-01,2021,2021-06,Post-Brexit / Recovery,Energy & Fuels,25.41,71.0
2021-07-01,2021,2021-07,Post-Brexit / Recovery,Food & Drink,29.67,82.0
2021-07-01,2021,2021-07,Post-Brexit / Recovery,Clothing,30.68,91.0
2021-07-01,2021,2021-07,Post-Brexit / Recovery,Machinery & Industrial,13.75,78.0
2021-07-01,2021,2021-07,Post-Brexit / Recovery,Chemicals & Pharma,43.0,65.0
2021-07-01,2021,2021-07,Post-Brexit / Recovery,Energy & Fuels,27.16,71.0
2021-07-01,2021,2021-07,Post-Brexit / Recovery,Food & Drink,66.57,82.0
2021-07-01,2021,2021-07,Post-Brexit / Recovery,Clothing,71.63,91.0
2021-07-01,2021,2021-07,Post-Brexit / Recovery,Machinery & Industrial,13.75,78.0
2021-07-01,2021,2021-07,Post-Brexit / Recovery,Chemicals & Pharma,43.0,65.0
2021-07-01,2021,2021-07,Post-Brexit / Recovery,Energy & Fuels,27.16,71.0
2021-08-01,2021,2021-08,Post-Brexit / Recovery,Food & Drink,67.89,82.0
2021-08-01,2021,2021-08,Post-Brexit / Recovery,Clothing,75.15,91.0
2021-08-01,2021,2021-08,Post-Brexit / Recovery,Machinery & Industrial,18.55,78.0
2021-08-01,2021,2021-08,Post-Brexit / Recovery,Chemicals & Pharma,43.0,65.0
2021-08-01,2021,2021-08,Post-Brexit / Recovery,Energy & Fuels,27.62,71.0
2021-08-01,2021,2021-08,Post-Brexit / Recovery,Food & Drink,30.99,82.0
2021-08-01,2021,2021-08,Post-Brexit / Recovery,Clothing,34.2,91.0
2021-08-01,2021,2021-08,Post-Brexit / Recovery,Machinery & Industrial,18.55,78.0
2021-08-01,2021,2021-08,Post-Brexit / Recovery,Chemicals & Pharma,43.0,65.0
2021-08-01,2021,2021-08,Post-Brexit / Recovery,Energy & Fuels,27.62,71.0
2021-09-01,2021,2021-09,Post-Brexit / Recovery,Food & Drink,29.11,82.0
2021-09-01,2021,2021-09,Post-Brexit / Recovery,Clothing,28.99,91.0
2021-09-01,2021,2021-09,Post-Brexit / Recovery,Machinery & Industrial,10.51,78.0
2021-09-01,2021,2021-09,Post-Brexit / Recovery,Chemicals & Pharma,43.0,65.0
2021-09-01,2021,2021-09,Post-Brexit / Recovery,Energy & Fuels,26.69,71.0
2021-09-01,2021,2021-09,Post-Brexit / Recovery,Food & Drink,66.01,82.0
2021-09-01,2021,2021-09,Post-Brexit / Recovery,Clothing,69.94,91.0
2021-09-01,2021,2021-09,Post-Brexit / Recovery,Machinery & Industrial,10.51,78.0
2021-09-01,2021,2021-09,Post-Brexit / Recovery,Chemicals & Pharma,43.0,65.0
2021-09-01,2021,2021-09,Post-Brexit / Recovery,Energy & Fuels,26.69,71.0
2021-10-01,2021,2021-10,Post-Brexit / Recovery,Food & Drink,31.09,82.0
2021-10-01,2021,2021-10,Post-Brexit / Recovery,Clothing,34.24,91.0
2021-10-01,2021,2021-10,Post-Brexit / Recovery,Machinery & Industrial,17.63,78.0
2021-10-01,2021,2021-10,Post-Brexit / Recovery,Chemicals & Pharma,43.0,65.0
2021-10-01,2021,2021-10,Post-Brexit / Recovery,Energy & Fuels,27.21,71.0
2021-10-01,2021,2021-10,Post-Brexit / Recovery,Food & Drink,67.99,82.0
2021-10-01,2021,2021-10,Post-Brexit / Recovery,Clothing,75.19,91.0
2021-10-01,2021,2021-10,Post-Brexit / Recovery,Machinery & Industrial,17.63,78.0
2021-10-01,2021,2021-10,Post-Brexit / Recovery,Chemicals & Pharma,43.0,65.0
2021-10-01,2021,2021-10,Post-Brexit / Recovery,Energy & Fuels,27.21,71.0
2021-11-01,2021,2021-11,Post-Brexit / Recovery,Food & Drink,33.02,82.0
2021-11-01,2021,2021-11,Post-Brexit / Recovery,Clothing,23.31,91.0
2021-11-01,2021,2021-11,Post-Brexit / Recovery,Machinery & Industrial,45.6,78.0
2021-11-01,2021,2021-11,Post-Brexit / Recovery,Chemicals & Pharma,43.0,65.0
2021-11-01,2021,2021-11,Post-Brexit / Recovery,Energy & Fuels,28.69,71.0
2021-11-01,2021,2021-11,Post-Brexit / Recovery,Food & Drink,69.92,82.0
2021-11-01,2021,2021-11,Post-Brexit / Recovery,Clothing,64.26,91.0
2021-11-01,2021,2021-11,Post-Brexit / Recovery,Machinery & Industrial,45.6,78.0
2021-11-01,2021,2021-11,Post-Brexit / Recovery,Chemicals & Pharma,43.0,65.0
2021-11-01,2021,2021-11,Post-Brexit / Recovery,Energy & Fuels,28.69,71.0
2021-12-01,2021,2021-12,Post-Brexit / Recovery,Food & Drink,60.49,82.0
2021-12-01,2021,2021-12,Post-Brexit / Recovery,Clothing,64.19,91.0
2021-12-01,2021,2021-12,Post-Brexit / Recovery,Machinery & Industrial,45.6,78.0
2021-12-01,2021,2021-12,Post-Brexit / Recovery,Chemicals & Pharma,43.0,65.0
2021-12-01,2021,2021-12,Post-Brexit / Recovery,Energy & Fuels,28.38,71.0
2021-12-01,2021,2021-12,Post-Brexit / Recovery,Food & Drink,23.59,82.0
2021-12-01,2021,2021-12,Post-Brexit / Recovery,Clothing,23.24,91.0
2021-12-01,2021,2021-12,Post-Brexit / Recovery,Machinery & Industrial,45.6,78.0
2021-12-01,2021,2021-12,Post-Brexit / Recovery,Chemicals & Pharma,43.0,65.0
2021-12-01,2021,2021-12,Post-Brexit / Recovery,Energy & Fuels,28.38,71.0
2022-01-01,2022,2022-01,Post-Brexit / Recovery,Food & Drink,70.63,82.0
2022-01-01,2022,2022-01,Post-Brexit / Recovery,Clothing,62.99,91.0
2022-01-01,2022,2022-01,Post-Brexit / Recovery,Machinery & Industrial,45.6,78.0
2022-01-01,2022,2022-01,Post-Brexit / Recovery,Chemicals & Pharma,43.0,65.0
2022-01-01,2022,2022-01,Post-Brexit / Recovery,Energy & Fuels,26.03,71.0
2022-01-01,2022,2022-01,Post-Brexit / Recovery,Food & Drink,33.73,82.0
2022-01-01,2022,2022-01,Post-Brexit / Recovery,Clothing,22.04,91.0
2022-01-01,2022,2022-01,Post-Brexit / Recovery,Machinery & Industrial,45.6,78.0
2022-01-01,2022,2022-01,Post-Brexit / Recovery,Chemicals & Pharma,43.0,65.0
2022-01-01,2022,2022-01,Post-Brexit / Recovery,Energy & Fuels,26.03,71.0
2022-02-01,2022,2022-02,High Inflation,Food & Drink,62.58,82.0
2022-02-01,2022,2022-02,High Inflation,Clothing,63.84,91.0
2022-02-01,2022,2022-02,High Inflation,Machinery & Industrial,6.6,78.0
2022-02-01,2022,2022-02,High Inflation,Chemicals & Pharma,43.0,65.0
2022-02-01,2022,2022-02,High Inflation,Energy & Fuels,25.73,71.0
2022-02-01,2022,2022-02,High Inflation,Food & Drink,25.68,82.0
2022-02-01,2022,2022-02,High Inflation,Clothing,22.89,91.0
2022-02-01,2022,2022-02,High Inflation,Machinery & Industrial,6.6,78.0
2022-02-01,2022,2022-02,High Inflation,Chemicals & Pharma,43.0,65.0
2022-02-01,2022,2022-02,High Inflation,Energy & Fuels,25.73,71.0
2022-03-01,2022,2022-03,High Inflation,Food & Drink,62.39,82.0
2022-03-01,2022,2022-03,High Inflation,Clothing,64.3,91.0
2022-03-01,2022,2022-03,High Inflation,Machinery & Industrial,6.6,78.0
2022-03-01,2022,2022-03,High Inflation,Chemicals & Pharma,43.0,65.0
2022-03-01,2022,2022-03,High Inflation,Energy & Fuels,28.47,71.0
2022-03-01,2022,2022-03,High Inflation,Food & Drink,25.49,82.0
2022-03-01,2022,2022-03,High Inflation,Clothing,23.35,91.0
2022-03-01,2022,2022-03,High Inflation,Machinery & Industrial,6.6,78.0
2022-03-01,2022,2022-03,High Inflation,Chemicals & Pharma,43.0,65.0
2022-03-01,2022,2022-03,High Inflation,Energy & Fuels,28.47,71.0
2022-04-01,2022,2022-04,High Inflation,Food & Drink,68.2,82.0
2022-04-01,2022,2022-04,High Inflation,Clothing,69.66,91.0
2022-04-01,2022,2022-04,High Inflation,Machinery & Industrial,11.93,78.0
2022-04-01,2022,2022-04,High Inflation,Chemicals & Pharma,43.0,65.0
2022-04-01,2022,2022-04,High Inflation,Energy & Fuels,28.01,71.0
2022-04-01,2022,2022-04,High Inflation,Food & Drink,31.3,82.0
2022-04-01,2022,2022-04,High Inflation,Clothing,28.71,91.0
2022-04-01,2022,2022-04,High Inflation,Machinery & Industrial,11.93,78.0
2022-04-01,2022,2022-04,High Inflation,Chemicals & Pharma,43.0,65.0
2022-04-01,2022,2022-04,High Inflation,Energy & Fuels,28.01,71.0
2022-05-01,2022,2022-05,High Inflation,Food & Drink,63.86,82.0
2022-05-01,2022,2022-05,High Inflation,Clothing,64.8,91.0
2022-05-01,2022,2022-05,High Inflation,Machinery & Industrial,7.25,78.0
2022-05-01,2022,2022-05,High Inflation,Chemicals & Pharma,43.0,65.0
2022-05-01,2022,2022-05,High Inflation,Energy & Fuels,26.79,71.0
2022-05-01,2022,2022-05,High Inflation,Food & Drink,26.96,82.0
2022-05-01,2022,2022-05,High Inflation,Clothing,23.85,91.0
2022-05-01,2022,2022-05,High Inflation,Machinery & Industrial,7.25,78.0
2022-05-01,2022,2022-05,High Inflation,Chemicals & Pharma,43.0,65.0
2022-05-01,2022,2022-05,High Inflation,Energy & Fuels,26.79,71.0
2022-06-01,2022,2022-06,High Inflation,Food & Drink,65.09,82.0
2022-06-01,2022,2022-06,High Inflation,Clothing,64.04,91.0
2022-06-01,2022,2022-06,High Inflation,Machinery & Industrial,6.6,78.0
2022-06-01,2022,2022-06,High Inflation,Chemicals & Pharma,43.0,65.0
2022-06-01,2022,2022-06,High Inflation,Energy & Fuels,28.18,71.0
2022-06-01,2022,2022-06,High Inflation,Food & Drink,28.19,82.0
2022-06-01,2022,2022-06,High Inflation,Clothing,23.09,91.0
2022-06-01,2022,2022-06,High Inflation,Machinery & Industrial,6.6,78.0
2022-06-01,2022,2022-06,High Inflation,Chemicals & Pharma,43.0,65.0
2022-06-01,2022,2022-06,High Inflation,Energy & Fuels,28.18,71.0
2022-07-01,2022,2022-07,High Inflation,Food & Drink,32.62,82.0
2022-07-01,2022,2022-07,High Inflation,Clothing,27.78,91.0
2022-07-01,2022,2022-07,High Inflation,Machinery & Industrial,10.2,78.0
2022-07-01,2022,2022-07,High Inflation,Chemicals & Pharma,43.0,65.0
2022-07-01,2022,2022-07,High Inflation,Energy & Fuels,30.44,71.0
2022-07-01,2022,2022-07,High Inflation,Food & Drink,69.52,82.0
2022-07-01,2022,2022-07,High Inflation,Clothing,68.73,91.0
2022-07-01,2022,2022-07,High Inflation,Machinery & Industrial,10.2,78.0
2022-07-01,2022,2022-07,High Inflation,Chemicals & Pharma,43.0,65.0
2022-07-01,2022,2022-07,High Inflation,Energy & Fuels,30.44,71.0
2022-08-01,2022,2022-08,High Inflation,Food & Drink,33.33,82.0
2022-08-01,2022,2022-08,High Inflation,Clothing,29.86,91.0
2022-08-01,2022,2022-08,High Inflation,Machinery & Industrial,11.54,78.0
2022-08-01,2022,2022-08,High Inflation,Chemicals & Pharma,43.0,65.0
2022-08-01,2022,2022-08,High Inflation,Energy & Fuels,28.15,71.0
2022-08-01,2022,2022-08,High Inflation,Food & Drink,70.23,82.0
2022-08-01,2022,2022-08,High Inflation,Clothing,70.81,91.0
2022-08-01,2022,2022-08,High Inflation,Machinery & Industrial,11.54,78.0
2022-08-01,2022,2022-08,High Inflation,Chemicals & Pharma,43.0,65.0
2022-08-01,2022,2022-08,High Inflation,Energy & Fuels,28.15,71.0
2022-09-01,2022,2022-09,High Inflation,Food & Drink,70.5,82.0
2022-09-01,2022,2022-09,High Inflation,Clothing,70.09,91.0
2022-09-01,2022,2022-09,High Inflation,Machinery & Industrial,6.6,78.0
2022-09-01,2022,2022-09,High Inflation,Chemicals & Pharma,43.0,65.0
2022-09-01,2022,2022-09,High Inflation,Energy & Fuels,24.08,71.0
2022-09-01,2022,2022-09,High Inflation,Food & Drink,33.6,82.0
2022-09-01,2022,2022-09,High Inflation,Clothing,29.14,91.0
2022-09-01,2022,2022-09,High Inflation,Machinery & Industrial,6.6,78.0
2022-09-01,2022,2022-09,High Inflation,Chemicals & Pharma,43.0,65.0
2022-09-01,2022,2022-09,High Inflation,Energy & Fuels,24.08,71.0
2022-10-01,2022,2022-10,High Inflation,Food & Drink,71.01,82.0
2022-10-01,2022,2022-10,High Inflation,Clothing,72.12,91.0
2022-10-01,2022,2022-10,High Inflation,Machinery & Industrial,10.53,78.0
2022-10-01,2022,2022-10,High Inflation,Chemicals & Pharma,43.0,65.0
2022-10-01,2022,2022-10,High Inflation,Energy & Fuels,22.99,71.0
2022-10-01,2022,2022-10,High Inflation,Food & Drink,34.11,82.0
2022-10-01,2022,2022-10,High Inflation,Clothing,31.17,91.0
2022-10-01,2022,2022-10,High Inflation,Machinery & Industrial,10.53,78.0
2022-10-01,2022,2022-10,High Inflation,Chemicals & Pharma,43.0,65.0
2022-10-01,2022,2022-10,High Inflation,Energy & Fuels,22.99,71.0
2022-11-01,2022,2022-11,High Inflation,Food & Drink,35.38,82.0
2022-11-01,2022,2022-11,High Inflation,Clothing,24.01,91.0
2022-11-01,2022,2022-11,High Inflation,Machinery & Industrial,45.6,78.0
2022-11-01,2022,2022-11,High Inflation,Chemicals & Pharma,43.0,65.0
2022-11-01,2022,2022-11,High Inflation,Energy & Fuels,22.57,71.0
2022-11-01,2022,2022-11,High Inflation,Food & Drink,72.28,82.0
2022-11-01,2022,2022-11,High Inflation,Clothing,64.96,91.0
2022-11-01,2022,2022-11,High Inflation,Machinery & Industrial,45.6,78.0
2022-11-01,2022,2022-11,High Inflation,Chemicals & Pharma,43.0,65.0
2022-11-01,2022,2022-11,High Inflation,Energy & Fuels,22.57,71.0
2022-12-01,2022,2022-12,High Inflation,Food & Drink,68.1,82.0
2022-12-01,2022,2022-12,High Inflation,Clothing,64.58,91.0
2022-12-01,2022,2022-12,High Inflation,Machinery & Industrial,45.6,78.0
2022-12-01,2022,2022-12,High Inflation,Chemicals & Pharma,43.0,65.0
2022-12-01,2022,2022-12,High Inflation,Energy & Fuels,20.57,71.0
2022-12-01,2022,2022-12,High Inflation,Food & Drink,31.2,82.0
2022-12-01,2022,2022-12,High Inflation,Clothing,23.63,91.0
2022-12-01,2022,2022-12,High Inflation,Machinery & Industrial,45.6,78.0
2022-12-01,2022,2022-12,High Inflation,Chemicals & Pharma,43.0,65.0
2022-12-01,2022,2022-12,High Inflation,Energy & Fuels,20.57,71.0
2023-01-01,2023,2023-01,High Inflation,Food & Drink,32.57,82.0
2023-01-01,2023,2023-01,High Inflation,Clothing,21.5,91.0
2023-01-01,2023,2023-01,High Inflation,Machinery & Industrial,45.6,78.0
2023-01-01,2023,2023-01,High Inflation,Chemicals & Pharma,43.0,65.0
2023-01-01,2023,2023-01,High Inflation,Energy & Fuels,15.47,71.0
2023-01-01,2023,2023-01,High Inflation,Food & Drink,69.47,82.0
2023-01-01,2023,2023-01,High Inflation,Clothing,62.45,91.0
2023-01-01,2023,2023-01,High Inflation,Machinery & Industrial,45.6,78.0
2023-01-01,2023,2023-01,High Inflation,Chemicals & Pharma,43.0,65.0
2023-01-01,2023,2023-01,High Inflation,Energy & Fuels,15.47,71.0
2023-02-01,2023,2023-02,High Inflation,Food & Drink,72.91,82.0
2023-02-01,2023,2023-02,High Inflation,Clothing,73.05,91.0
2023-02-01,2023,2023-02,High Inflation,Machinery & Industrial,9.31,78.0
2023-02-01,2023,2023-02,High Inflation,Chemicals & Pharma,43.0,65.0
2023-02-01,2023,2023-02,High Inflation,Energy & Fuels,17.27,71.0
2023-02-01,2023,2023-02,High Inflation,Food & Drink,36.01,82.0
2023-02-01,2023,2023-02,High Inflation,Clothing,32.1,91.0
2023-02-01,2023,2023-02,High Inflation,Machinery & Industrial,9.31,78.0
2023-02-01,2023,2023-02,High Inflation,Chemicals & Pharma,43.0,65.0
2023-02-01,2023,2023-02,High Inflation,Energy & Fuels,17.27,71.0
2023-03-01,2023,2023-03,High Inflation,Food & Drink,33.7,82.0
2023-03-01,2023,2023-03,High Inflation,Clothing,28.04,91.0
2023-03-01,2023,2023-03,High Inflation,Machinery & Industrial,7.93,78.0
2023-03-01,2023,2023-03,High Inflation,Chemicals & Pharma,43.0,65.0
2023-03-01,2023,2023-03,High Inflation,Energy & Fuels,19.04,71.0
2023-03-01,2023,2023-03,High Inflation,Food & Drink,70.6,82.0
2023-03-01,2023,2023-03,High Inflation,Clothing,68.99,91.0
2023-03-01,2023,2023-03,High Inflation,Machinery & Industrial,7.93,78.0
2023-03-01,2023,2023-03,High Inflation,Chemicals & Pharma,43.0,65.0
2023-03-01,2023,2023-03,High Inflation,Energy & Fuels,19.04,71.0
2023-04-01,2023,2023-04,High Inflation,Food & Drink,36.93,82.0
2023-04-01,2023,2023-04,High Inflation,Clothing,32.58,91.0
2023-04-01,2023,2023-04,High Inflation,Machinery & Industrial,16.45,78.0
2023-04-01,2023,2023-04,High Inflation,Chemicals & Pharma,43.0,65.0
2023-04-01,2023,2023-04,High Inflation,Energy & Fuels,20.73,71.0
2023-04-01,2023,2023-04,High Inflation,Food & Drink,73.83,82.0
2023-04-01,2023,2023-04,High Inflation,Clothing,73.53,91.0
2023-04-01,2023,2023-04,High Inflation,Machinery & Industrial,16.45,78.0
2023-04-01,2023,2023-04,High Inflation,Chemicals & Pharma,43.0,65.0
2023-04-01,2023,2023-04,High Inflation,Energy & Fuels,20.73,71.0
2023-05-01,2023,2023-05,High Inflation,Food & Drink,69.98,82.0
2023-05-01,2023,2023-05,High Inflation,Clothing,69.35,91.0
2023-05-01,2023,2023-05,High Inflation,Machinery & Industrial,11.1,78.0
2023-05-01,2023,2023-05,High Inflation,Chemicals & Pharma,43.0,65.0
2023-05-01,2023,2023-05,High Inflation,Energy & Fuels,20.89,71.0
2023-05-01,2023,2023-05,High Inflation,Food & Drink,33.08,82.0
2023-05-01,2023,2023-05,High Inflation,Clothing,28.4,91.0
2023-05-01,2023,2023-05,High Inflation,Machinery & Industrial,11.1,78.0
2023-05-01,2023,2023-05,High Inflation,Chemicals & Pharma,43.0,65.0
2023-05-01,2023,2023-05,High Inflation,Energy & Fuels,20.89,71.0
2023-06-01,2023,2023-06,Stabilisation,Food & Drink,35.06,82.0
2023-06-01,2023,2023-06,Stabilisation,Clothing,32.31,91.0
2023-06-01,2023,2023-06,Stabilisation,Machinery & Industrial,10.72,78.0
2023-06-01,2023,2023-06,Stabilisation,Chemicals & Pharma,43.0,65.0
2023-06-01,2023,2023-06,Stabilisation,Energy & Fuels,19.92,71.0
2023-06-01,2023,2023-06,Stabilisation,Food & Drink,71.96,82.0
2023-06-01,2023,2023-06,Stabilisation,Clothing,73.26,91.0
2023-06-01,2023,2023-06,Stabilisation,Machinery & Industrial,10.72,78.0
2023-06-01,2023,2023-06,Stabilisation,Chemicals & Pharma,43.0,65.0
2023-06-01,2023,2023-06,Stabilisation,Energy & Fuels,19.92,71.0
2023-07-01,2023,2023-07,Stabilisation,Food & Drink,34.57,82.0
2023-07-01,2023,2023-07,Stabilisation,Clothing,35.1,91.0
2023-07-01,2023,2023-07,Stabilisation,Machinery & Industrial,12.12,78.0
2023-07-01,2023,2023-07,Stabilisation,Chemicals & Pharma,43.0,65.0
2023-07-01,2023,2023-07,Stabilisation,Energy & Fuels,24.99,71.0
2023-07-01,2023,2023-07,Stabilisation,Food & Drink,71.47,82.0
2023-07-01,2023,2023-07,Stabilisation,Clothing,76.05,91.0
2023-07-01,2023,2023-07,Stabilisation,Machinery & Industrial,12.12,78.0
2023-07-01,2023,2023-07,Stabilisation,Chemicals & Pharma,43.0,65.0
2023-07-01,2023,2023-07,Stabilisation,Energy & Fuels,24.99,71.0
2023-08-01,2023,2023-08,Stabilisation,Food & Drink,32.01,82.0
2023-08-01,2023,2023-08,Stabilisation,Clothing,35.23,91.0
2023-08-01,2023,2023-08,Stabilisation,Machinery & Industrial,14.13,78.0
2023-08-01,2023,2023-08,Stabilisation,Chemicals & Pharma,43.0,65.0
2023-08-01,2023,2023-08,Stabilisation,Energy & Fuels,24.58,71.0
2023-08-01,2023,2023-08,Stabilisation,Food & Drink,68.91,82.0
2023-08-01,2023,2023-08,Stabilisation,Clothing,76.18,91.0
2023-08-01,2023,2023-08,Stabilisation,Machinery & Industrial,14.13,78.0
2023-08-01,2023,2023-08,Stabilisation,Chemicals & Pharma,43.0,65.0
2023-08-01,2023,2023-08,Stabilisation,Energy & Fuels,24.58,71.0
2023-09-01,2023,2023-09,Stabilisation,Food & Drink,66.55,82.0
2023-09-01,2023,2023-09,Stabilisation,Clothing,74.82,91.0
2023-09-01,2023,2023-09,Stabilisation,Machinery & Industrial,9.91,78.0
2023-09-01,2023,2023-09,Stabilisation,Chemicals & Pharma,43.0,65.0
2023-09-01,2023,2023-09,Stabilisation,Energy & Fuels,23.97,71.0
2023-09-01,2023,2023-09,Stabilisation,Food & Drink,29.65,82.0
2023-09-01,2023,2023-09,Stabilisation,Clothing,33.87,91.0
2023-09-01,2023,2023-09,Stabilisation,Machinery & Industrial,9.91,78.0
2023-09-01,2023,2023-09,Stabilisation,Chemicals & Pharma,43.0,65.0
2023-09-01,2023,2023-09,Stabilisation,Energy & Fuels,23.97,71.0
2023-10-01,2023,2023-10,Stabilisation,Food & Drink,25.85,82.0
2023-10-01,2023,2023-10,Stabilisation,Clothing,33.02,91.0
2023-10-01,2023,2023-10,Stabilisation,Machinery & Industrial,8.57,78.0
2023-10-01,2023,2023-10,Stabilisation,Chemicals & Pharma,43.0,65.0
2023-10-01,2023,2023-10,Stabilisation,Energy & Fuels,21.97,71.0
2023-10-01,2023,2023-10,Stabilisation,Food & Drink,62.75,82.0
2023-10-01,2023,2023-10,Stabilisation,Clothing,73.97,91.0
2023-10-01,2023,2023-10,Stabilisation,Machinery & Industrial,8.57,78.0
2023-10-01,2023,2023-10,Stabilisation,Chemicals & Pharma,43.0,65.0
2023-10-01,2023,2023-10,Stabilisation,Energy & Fuels,21.97,71.0
2023-11-01,2023,2023-11,Stabilisation,Food & Drink,64.26,82.0
2023-11-01,2023,2023-11,Stabilisation,Clothing,63.28,91.0
2023-11-01,2023,2023-11,Stabilisation,Machinery & Industrial,45.6,78.0
2023-11-01,2023,2023-11,Stabilisation,Chemicals & Pharma,43.0,65.0
2023-11-01,2023,2023-11,Stabilisation,Energy & Fuels,19.88,71.0
2023-11-01,2023,2023-11,Stabilisation,Food & Drink,27.36,82.0
2023-11-01,2023,2023-11,Stabilisation,Clothing,22.33,91.0
2023-11-01,2023,2023-11,Stabilisation,Machinery & Industrial,45.6,78.0
2023-11-01,2023,2023-11,Stabilisation,Chemicals & Pharma,43.0,65.0
2023-11-01,2023,2023-11,Stabilisation,Energy & Fuels,19.88,71.0
2023-12-01,2023,2023-12,Stabilisation,Food & Drink,58.09,82.0
2023-12-01,2023,2023-12,Stabilisation,Clothing,63.58,91.0
2023-12-01,2023,2023-12,Stabilisation,Machinery & Industrial,45.6,78.0
2023-12-01,2023,2023-12,Stabilisation,Chemicals & Pharma,43.0,65.0
2023-12-01,2023,2023-12,Stabilisation,Energy & Fuels,21.27,71.0
2023-12-01,2023,2023-12,Stabilisation,Food & Drink,21.19,82.0
2023-12-01,2023,2023-12,Stabilisation,Clothing,22.63,91.0
2023-12-01,2023,2023-12,Stabilisation,Machinery & Industrial,45.6,78.0
2023-12-01,2023,2023-12,Stabilisation,Chemicals & Pharma,43.0,65.0
2023-12-01,2023,2023-12,Stabilisation,Energy & Fuels,21.27,71.0
2024-01-01,2024,2024-01,Stabilisation,Food & Drink,62.52,82.0
2024-01-01,2024,2024-01,Stabilisation,Clothing,61.22,91.0
2024-01-01,2024,2024-01,Stabilisation,Machinery & Industrial,45.6,78.0
2024-01-01,2024,2024-01,Stabilisation,Chemicals & Pharma,43.0,65.0
2024-01-01,2024,2024-01,Stabilisation,Energy & Fuels,17.15,71.0
2024-01-01,2024,2024-01,Stabilisation,Food & Drink,25.62,82.0
2024-01-01,2024,2024-01,Stabilisation,Clothing,20.27,91.0
2024-01-01,2024,2024-01,Stabilisation,Machinery & Industrial,45.6,78.0
2024-01-01,2024,2024-01,Stabilisation,Chemicals & Pharma,43.0,65.0
2024-01-01,2024,2024-01,Stabilisation,Energy & Fuels,17.15,71.0
2024-02-01,2024,2024-02,Stabilisation,Food & Drink,28.05,82.0
2024-02-01,2024,2024-02,Stabilisation,Clothing,30.17,91.0
2024-02-01,2024,2024-02,Stabilisation,Machinery & Industrial,11.72,78.0
2024-02-01,2024,2024-02,Stabilisation,Chemicals & Pharma,43.0,65.0
2024-02-01,2024,2024-02,Stabilisation,Energy & Fuels,17.65,71.0
2024-02-01,2024,2024-02,Stabilisation,Food & Drink,64.95,82.0
2024-02-01,2024,2024-02,Stabilisation,Clothing,71.12,91.0
2024-02-01,2024,2024-02,Stabilisation,Machinery & Industrial,11.72,78.0
2024-02-01,2024,2024-02,Stabilisation,Chemicals & Pharma,43.0,65.0
2024-02-01,2024,2024-02,Stabilisation,Energy & Fuels,17.65,71.0
2024-03-01,2024,2024-03,Stabilisation,Food & Drink,64.94,82.0
2024-03-01,2024,2024-03,Stabilisation,Clothing,69.16,91.0
2024-03-01,2024,2024-03,Stabilisation,Machinery & Industrial,14.18,78.0
2024-03-01,2024,2024-03,Stabilisation,Chemicals & Pharma,43.0,65.0
2024-03-01,2024,2024-03,Stabilisation,Energy & Fuels,18.51,71.0
2024-03-01,2024,2024-03,Stabilisation,Food & Drink,28.04,82.0
2024-03-01,2024,2024-03,Stabilisation,Clothing,28.21,91.0
2024-03-01,2024,2024-03,Stabilisation,Machinery & Industrial,14.18,78.0
2024-03-01,2024,2024-03,Stabilisation,Chemicals & Pharma,43.0,65.0
2024-03-01,2024,2024-03,Stabilisation,Energy & Fuels,18.51,71.0
2024-04-01,2024,2024-04,Stabilisation,Food & Drink,28.3,82.0
2024-04-01,2024,2024-04,Stabilisation,Clothing,28.69,91.0
2024-04-01,2024,2024-04,Stabilisation,Machinery & Industrial,16.34,78.0
2024-04-01,2024,2024-04,Stabilisation,Chemicals & Pharma,43.0,65.0
2024-04-01,2024,2024-04,Stabilisation,Energy & Fuels,20.39,71.0
2024-04-01,2024,2024-04,Stabilisation,Food & Drink,65.2,82.0
2024-04-01,2024,2024-04,Stabilisation,Clothing,69.64,91.0
2024-04-01,2024,2024-04,Stabilisation,Machinery & Industrial,16.34,78.0
2024-04-01,2024,2024-04,Stabilisation,Chemicals & Pharma,43.0,65.0
2024-04-01,2024,2024-04,Stabilisation,Energy & Fuels,20.39,71.0
2024-05-01,2024,2024-05,Stabilisation,Food & Drink,64.11,82.0
2024-05-01,2024,2024-05,Stabilisation,Clothing,67.4,91.0
2024-05-01,2024,2024-05,Stabilisation,Machinery & Industrial,14.55,78.0
2024-05-01,2024,2024-05,Stabilisation,Chemicals & Pharma,43.0,65.0
2024-05-01,2024,2024-05,Stabilisation,Energy & Fuels,22.87,71.0
2024-05-01,2024,2024-05,Stabilisation,Food & Drink,27.21,82.0
2024-05-01,2024,2024-05,Stabilisation,Clothing,26.45,91.0
2024-05-01,2024,2024-05,Stabilisation,Machinery & Industrial,14.55,78.0
2024-05-01,2024,2024-05,Stabilisation,Chemicals & Pharma,43.0,65.0
2024-05-01,2024,2024-05,Stabilisation,Energy & Fuels,22.87,71.0
2024-06-01,2024,2024-06,Stabilisation,Food & Drink,27.92,82.0
2024-06-01,2024,2024-06,Stabilisation,Clothing,26.91,91.0
2024-06-01,2024,2024-06,Stabilisation,Machinery & Industrial,15.31,78.0
2024-06-01,2024,2024-06,Stabilisation,Chemicals & Pharma,43.0,65.0
2024-06-01,2024,2024-06,Stabilisation,Energy & Fuels,21.9,71.0
2024-06-01,2024,2024-06,Stabilisation,Food & Drink,64.82,82.0
2024-06-01,2024,2024-06,Stabilisation,Clothing,67.86,91.0
2024-06-01,2024,2024-06,Stabilisation,Machinery & Industrial,15.31,78.0
2024-06-01,2024,2024-06,Stabilisation,Chemicals & Pharma,43.0,65.0
2024-06-01,2024,2024-06,Stabilisation,Energy & Fuels,21.9,71.0
2024-07-01,2024,2024-07,Stabilisation,Food & Drink,28.53,82.0
2024-07-01,2024,2024-07,Stabilisation,Clothing,29.98,91.0
2024-07-01,2024,2024-07,Stabilisation,Machinery & Industrial,15.05,78.0
2024-07-01,2024,2024-07,Stabilisation,Chemicals & Pharma,43.0,65.0
2024-07-01,2024,2024-07,Stabilisation,Energy & Fuels,25.51,71.0
2024-07-01,2024,2024-07,Stabilisation,Food & Drink,65.43,82.0
2024-07-01,2024,2024-07,Stabilisation,Clothing,70.93,91.0
2024-07-01,2024,2024-07,Stabilisation,Machinery & Industrial,15.05,78.0
2024-07-01,2024,2024-07,Stabilisation,Chemicals & Pharma,43.0,65.0
2024-07-01,2024,2024-07,Stabilisation,Energy & Fuels,25.51,71.0
2024-08-01,2024,2024-08,Stabilisation,Food & Drink,27.79,82.0
2024-08-01,2024,2024-08,Stabilisation,Clothing,28.89,91.0
2024-08-01,2024,2024-08,Stabilisation,Machinery & Industrial,17.22,78.0
2024-08-01,2024,2024-08,Stabilisation,Chemicals & Pharma,43.0,65.0
2024-08-01,2024,2024-08,Stabilisation,Energy & Fuels,26.02,71.0
2024-08-01,2024,2024-08,Stabilisation,Food & Drink,64.69,82.0
2024-08-01,2024,2024-08,Stabilisation,Clothing,69.84,91.0
2024-08-01,2024,2024-08,Stabilisation,Machinery & Industrial,17.22,78.0
2024-08-01,2024,2024-08,Stabilisation,Chemicals & Pharma,43.0,65.0
2024-08-01,2024,2024-08,Stabilisation,Energy & Fuels,26.02,71.0
2024-09-01,2024,2024-09,Stabilisation,Food & Drink,64.97,82.0
2024-09-01,2024,2024-09,Stabilisation,Clothing,69.26,91.0
2024-09-01,2024,2024-09,Stabilisation,Machinery & Industrial,13.09,78.0
2024-09-01,2024,2024-09,Stabilisation,Chemicals & Pharma,43.0,65.0
2024-09-01,2024,2024-09,Stabilisation,Energy & Fuels,21.56,71.0
2024-09-01,2024,2024-09,Stabilisation,Food & Drink,28.07,82.0
2024-09-01,2024,2024-09,Stabilisation,Clothing,28.31,91.0
2024-09-01,2024,2024-09,Stabilisation,Machinery & Industrial,13.09,78.0
2024-09-01,2024,2024-09,Stabilisation,Chemicals & Pharma,43.0,65.0
2024-09-01,2024,2024-09,Stabilisation,Energy & Fuels,21.56,71.0
2024-10-01,2024,2024-10,Stabilisation,Food & Drink,25.34,82.0
2024-10-01,2024,2024-10,Stabilisation,Clothing,28.54,91.0
2024-10-01,2024,2024-10,Stabilisation,Machinery & Industrial,12.54,78.0
2024-10-01,2024,2024-10,Stabilisation,Chemicals & Pharma,43.0,65.0
2024-10-01,2024,2024-10,Stabilisation,Energy & Fuels,19.98,71.0
2024-10-01,2024,2024-10,Stabilisation,Food & Drink,62.24,82.0
2024-10-01,2024,2024-10,Stabilisation,Clothing,69.49,91.0
2024-10-01,2024,2024-10,Stabilisation,Machinery & Industrial,12.54,78.0
2024-10-01,2024,2024-10,Stabilisation,Chemicals & Pharma,43.0,65.0
2024-10-01,2024,2024-10,Stabilisation,Energy & Fuels,19.98,71.0
2024-11-01,2024,2024-11,Stabilisation,Food & Drink,66.0,82.0
2024-11-01,2024,2024-11,Stabilisation,Clothing,62.05,91.0
2024-11-01,2024,2024-11,Stabilisation,Machinery & Industrial,45.6,78.0
2024-11-01,2024,2024-11,Stabilisation,Chemicals & Pharma,43.0,65.0
2024-11-01,2024,2024-11,Stabilisation,Energy & Fuels,18.49,71.0
2024-11-01,2024,2024-11,Stabilisation,Food & Drink,29.1,82.0
2024-11-01,2024,2024-11,Stabilisation,Clothing,21.1,91.0
2024-11-01,2024,2024-11,Stabilisation,Machinery & Industrial,45.6,78.0
2024-11-01,2024,2024-11,Stabilisation,Chemicals & Pharma,43.0,65.0
2024-11-01,2024,2024-11,Stabilisation,Energy & Fuels,18.49,71.0
2024-12-01,2024,2024-12,Stabilisation,Food & Drink,58.62,82.0
2024-12-01,2024,2024-12,Stabilisation,Clothing,62.93,91.0
2024-12-01,2024,2024-12,Stabilisation,Machinery & Industrial,45.6,78.0
2024-12-01,2024,2024-12,Stabilisation,Chemicals & Pharma,43.0,65.0
2024-12-01,2024,2024-12,Stabilisation,Energy & Fuels,19.73,71.0
2024-12-01,2024,2024-12,Stabilisation,Food & Drink,21.72,82.0
2024-12-01,2024,2024-12,Stabilisation,Clothing,21.98,91.0
2024-12-01,2024,2024-12,Stabilisation,Machinery & Industrial,45.6,78.0
2024-12-01,2024,2024-12,Stabilisation,Chemicals & Pharma,43.0,65.0
2024-12-01,2024,2024-12,Stabilisation,Energy & Fuels,19.73,71.0
